"st_flt"|"en_flt"|"txt"|"hash"|"pl"
"1.54"|"30.42"|" Today, I'm going to explain a sci-fi and fantasy show called ""Love, Death &amp; Robots: Ice Age.” Spoilers ahead! A young couple moves into their new apartment. As Rob, the husband, brings a few boxes up into the place, his wife, Gail, tells him about a funky old refrigerator in the corner that the landlord left behind. Rob finds it fascinating, noting how the motor is above instead of underneath like refrigerators these days."|"13a1d38254d8f6ec26bf82e4a956dbc21e6fb3ff98e8981925d45add461fd3e4"|"Dzisiaj opowiem o serialu science-fiction i fantasy zatytułowanym „Miłość, śmierć i roboty: Epoka lodowcowa”. Spoilery przed nami! Młoda para wprowadza się do nowego mieszkania. Rob, mąż, wnosi do mieszkania kilka pudeł, a jego żona, Gail, opowiada mu o odstręczającej starej lodówce w rogu, którą zostawił właściciel. Rob znajduje to fascynujące, biorąc pod uwagę fakt, że silnik znajduje się powyżej, a nie pod spodem, jak w dzisiejszych lodówkach."
"30.42"|"63.6"|" Since hot air rises, he comments that it doesn’t make sense to put the motor underneath, allowing the hot air it produces to go up the refrigerator. However, Gail barely pays attention, and she simply agrees to the things Rob says. She then brings out a bottle of wine and asks her husband if he wants to drink. Rob gets excited and opens the old fridge to get some ice. However, the freezer is bulked up with frost, but he still manages to get a little cube of ice. The couple then makes a short toast to their new life together. Before Rob could take a sip of his drink, he notices something inside the ice."|"df4581a539947bd7dacb36fd98194d75aa47c9be31e3db4723e1c8422f117b91"|"Ponieważ gorące powietrze unosi się, komentuje, że nie ma sensu umieszczać silnika pod spodem, pozwalając wytwarzanemu przez niego gorącemu powietrzu unosić się w górę lodówki. Jednak Gail ledwo zwraca na to uwagę i po prostu zgadza się na to, co mówi Rob. Następnie wyciąga butelkę wina i pyta męża, czy chce się napić. Rob jest podekscytowany i otwiera starą lodówkę, żeby wziąć trochę lodu. Jednak zamrażarka jest wypełniona szronem, ale wciąż udaje mu się zdobyć małą kostkę lodu. Następnie para wznosi krótki toast za ich nowe wspólne życie. Zanim Rob zdążył wypić łyk swojego drinka, zauważa coś w lodzie."
"63.6"|"94.54"|" He takes it out of the glass and shows it to Gail, asking her to confirm what’s inside the ice cube. Gail looks closer and becomes just as surprised as her husband. Wanting to confirm what she saw, Gail grabs a magnifying glass to inspect the ice cube closely. Surprisingly, inside it is a miniature mammoth with spears in its body. Gail wonders if there are more of these things in the freezer, so she opens it. She quickly takes out the junk inside and gets shocked by what she sees. With this, Rob takes a peek and comments there's a lost civilization in their refrigerator."|"692a8c7b5169495d0eada43e0b5fcbb0201159a770f39768ccc05e18ccd3508a"|"Wyjmuje go ze szklanki i pokazuje Gail, prosząc ją o potwierdzenie zawartości kostki lodu. Gail przygląda się bliżej i jest tak samo zaskoczona jak jej mąż. Chcąc potwierdzić to, co zobaczyła, Gail chwyta szkło powiększające, aby dokładnie przyjrzeć się kostce lodu. Co zaskakujące, w środku znajduje się miniaturowy mamut z włóczniami w ciele. Gail zastanawia się, czy w zamrażarce jest więcej takich rzeczy, więc ją otwiera. Szybko wyjmuje śmieci ze środka i jest zszokowana tym, co widzi. Rob rzuca okiem i komentuje, że w ich lodówce jest zaginiona cywilizacja."
"94.54"|"121.84"|" True enough, the freezer contains a miniature, working medieval city. Everything inside moves so fast, with the little people going through their day normally, unaffected by the two giants hovering near their city. In disbelief, Gail claims that what’s happening doesn’t make sense, and Rob agrees. She then clarifies that they're seeing an early medieval city when woolly mammoths died out sometime in the late Neolithic period. Rob shrugs it off and simply agrees with his wife to hide his ignorance."|"f0f3b716ace4335d99d7f604c83eecc314524c18f44a4f04555a276c76d77f4a"|"To prawda, że ​​​​zamrażarka zawiera miniaturowe, działające średniowieczne miasto. Wszystko w środku porusza się tak szybko, a mali ludzie przeżywają normalnie swój dzień, niewrażliwi na dwóch gigantów unoszących się w pobliżu ich miasta. Z niedowierzaniem Gail twierdzi, że to, co się dzieje, nie ma sensu, a Rob się zgadza. Następnie wyjaśnia, że ​​widzą wczesnośredniowieczne miasto, w którym mamuty włochate wymarły w późnym okresie neolitu. Rob wzrusza ramionami i po prostu zgadza się z żoną, aby ukryć swoją ignorancję."
"121.84"|"150.68"|" Later on, Rob buries the frozen mammoth in a pot of dirt. Rob seems sad about it, so Gail lightens up the mood and says that it'll probably make for a good fertilizer. Curiosity takes over, and the two check the freezer again. To their surprise, everything has changed drastically. What used to be a medieval city is now a modernized place during the Industrial Revolution. Factories and railroads are built, covering the freezer’s sky with smoke. The couple notes that they’ve only been gone for ten minutes, but decades have already"|"f43eaae1a5ac4c979ffaef28f4d28edf871dca33d95d8aafeb91cee055110311"|"Później Rob zakopuje zamrożonego mamuta w garnku z ziemią. Rob wydaje się być z tego powodu smutny, więc Gail poprawia nastrój i mówi, że prawdopodobnie będzie to dobry nawóz. Ciekawość bierze górę i obaj ponownie sprawdzają zamrażarkę. Ku ich zaskoczeniu wszystko diametralnie się zmieniło. To, co kiedyś było średniowiecznym miastem, jest teraz zmodernizowanym miejscem podczas rewolucji przemysłowej. Powstają fabryki i linie kolejowe, zasłaniając mroźne niebo dymem. Para zauważa, że ​​nie było ich tylko przez dziesięć minut, ale minęło już dziesięciolecia"
"150.68"|"182.41"|" gone by for the miniature people. With this, Gail theorizes that time moves differently inside the freezer. As they witness the Industrial Revolution at great speed, Rob is disappointed that they missed the Renaissance period. He notices two miniature men sitting by a building under construction and wonders if the people perceive them as gods. However, the men are actually making fun of them, seeing them as weird faces in the sky that are staring at the city. One man even comments that he's tired of seeing the broccoli that's stuck in Gail's teeth. Seconds later, modernized buildings are erected."|"dc77a5a1238f4361342aaa836893a4c4136e0f1eee0a14f525a36b68084d5018"|"minął dla miniaturowych ludzi. Dzięki temu Gail wysuwa teorię, że czas płynie inaczej w zamrażarce. Będąc świadkami rewolucji przemysłowej w szybkim tempie, Rob jest rozczarowany, że przegapili okres renesansu. Zauważa dwóch miniaturowych mężczyzn siedzących przy budowanym budynku i zastanawia się, czy ludzie postrzegają ich jako bogów. Jednak mężczyźni tak naprawdę nabijają się z nich, widząc je jako dziwne twarze na niebie, które wpatrują się w miasto. Jeden mężczyzna komentuje nawet, że jest zmęczony patrzeniem na brokuły, które utknęły w zębach Gail. Sekundę później powstają zmodernizowane budynki."
"182.41"|"216.25"|" Rob notices things flying around, and Gail identifies them as airplanes. As more skyscrapers are built, Gail believes that the miniature people have reached the present time. Rob confirms this when he sees a Starbucks store and comments that the cafe really pops out everywhere. Just then, he notices something weird, so he takes a closer look. Suddenly, a missile falls into the middle of the city and explodes. The explosion blinds Rob, making him back away and fall onto the floor. Gail helps him up and tells him to calm down, but Rob panics, exclaiming that tactical nukes are exploding in their freezer."|"770775aa5529dca4a5ebf0b5876c48ebb720735faea8a58a83ead0d60c1788e3"|"Rob zauważa latające rzeczy, a Gail identyfikuje je jako samoloty. Ponieważ powstaje coraz więcej drapaczy chmur, Gail uważa, że ​​miniaturowi ludzie osiągnęli teraźniejszość. Rob potwierdza to, gdy widzi sklep Starbucks i komentuje, że kawiarnia naprawdę wyskakuje wszędzie. W tym momencie zauważył coś dziwnego, więc przyjrzał się bliżej. Nagle pocisk wpada w środek miasta i eksploduje. Eksplozja oślepia Roba, zmuszając go do cofnięcia się i upadku na podłogę. Gail pomaga mu wstać i każe mu się uspokoić, ale Rob panikuje, wykrzykując, że taktyczne bomby atomowe eksplodują w ich zamrażarce."
"216.25"|"245.45"|" However, Rob's face is as red as a tomato, and Gail could barely keep a straight face. As the freezer explodes with huge nuclear bombs, Gail hands a shiny toaster to her husband, letting him see how the heat from the explosion caused his face to glow red. Rob groans, but then he notices that the situation in the freezer just became worse. The couple stares at it as they hear screams, gunshots, and explosions. With this, Gail closes the freezer and says that the people can't possibly outgrow war in a couple of minutes."|"b69b1b24813e2cce73372e3557f6f5d6ea853a6e2ba7ddedbd16854e77718996"|"Jednak twarz Roba jest czerwona jak pomidor, a Gail ledwo może zachować powagę. Gdy zamrażarka eksploduje ogromnymi bombami nuklearnymi, Gail podaje mężowi lśniący toster, pozwalając mu zobaczyć, jak ciepło z eksplozji spowodowało, że jego twarz zaświeciła się na czerwono. Rob jęczy, ale potem zauważa, że ​​sytuacja w zamrażarce właśnie się pogorszyła. Para wpatruje się w to, słysząc krzyki, strzały i eksplozje. Po tym Gail zamyka zamrażarkę i mówi, że ludzie nie mogą wyrosnąć z wojny w ciągu kilku minut."
"245.45"|"274.76"|" Hearing this, Rob asks what they should do, and Gail responds that they should order pizza. Later that night, the couple has pizza for dinner while they wait for the situation to die down. An hour has passed, and Rob recommends that they should check out the freezer. He hopes that the miniature people had a chance to rebuild their city, but Gail gently tells him that they need to embrace the possibility that they didn't make it. Still, Rob goes to the freezer and opens it anyway. To their surprise, the freezer glows with luminous cities and flying cars."|"7a44437d4c6bf370b327b76a059293fccfb07bf359747db7db971ee3ce9d864a"|"Słysząc to, Rob pyta, co powinni zrobić, a Gail odpowiada, że ​​powinni zamówić pizzę. Później tej nocy para je pizzę na kolację, czekając, aż sytuacja się uspokoi. Minęła godzina i Rob radzi, żeby sprawdzili zamrażarkę. Ma nadzieję, że miniaturowi ludzie mieli szansę odbudować swoje miasto, ale Gail delikatnie mówi mu, że muszą zaakceptować możliwość, że im się nie udało. Mimo to Rob idzie do zamrażarki i mimo to ją otwiera. Ku ich zaskoczeniu zamrażarka świeci świetlistymi miastami i latającymi samochodami."
"274.76"|"302.8"|" Gail claims that it looks like the Emerald City, but with less emerald and more futuristic devices. The sight of this makes Rob ecstatic, marveling at how beautiful everything is. Suddenly, a building emerges right in front of them, and Rob jokes that it looks like an adult toy. Just then, everything escalates, and a massive pyramid appears in the middle of the futuristic city. It glows brightly and consumes power from the bridges attached to it. Eventually, it turns into a diamond-shaped fortress and consumes the whole city until"|"3c7846371299f93ee6b3493776ce04de3754c84b098bfbb77c17d5fea5358710"|"Gail twierdzi, że wygląda jak Szmaragdowe Miasto, ale ma mniej szmaragdowych i bardziej futurystycznych urządzeń. Ten widok wprawia Roba w ekstazę, podziwiając, jakie to wszystko jest piękne. Nagle tuż przed nimi wyłania się budynek, a Rob żartuje, że wygląda jak zabawka dla dorosłych. Właśnie wtedy wszystko się eskaluje, a pośrodku futurystycznego miasta pojawia się potężna piramida. Świeci jasno i pobiera energię z podłączonych do niego mostów. W końcu zamienia się w fortecę w kształcie rombu i pochłania całe miasto, aż do czasu"
"302.8"|"331.21"|" it bursts into a ball of energy. The majestic energy explodes like a star, and streaks of light begin to zoom around Rob and Gail's kitchen, filling their apartment with light. The wondrous light fascinates them both. During this period, it seems like the miniature people have figured out the secrets to time and space travel. After this, the streaks of light return to the freezer, gather into a sphere, and disappear. This wipes out the smiles on Rob's and Gail's faces, confused at what they just witnessed."|"107e65c100141ea1754398d9c6ca012712462bf8bf2a2732cebc81677886bdad"|"zamienia się w kulę energii. Majestatyczna energia eksploduje jak gwiazda, a smugi światła zaczynają przesuwać się po kuchni Roba i Gail, wypełniając ich mieszkanie światłem. Cudowne światło fascynuje ich obu. Wygląda na to, że w tym okresie miniaturowi ludzie odkryli sekrety podróży w czasie i przestrzeni. Następnie smugi światła wracają do zamrażarki, zbierają się w kulę i znikają. To usuwa uśmiechy z twarzy Roba i Gail, zdezorientowanych tym, czego właśnie byli świadkami."
"331.21"|"361.9"|" Rob wonders if the miniature people will ever return, but Gail thinks it's unlikely. Because of this, Rob mournfully pulls the refrigerator's plug as if he’s accepting that those tiny people will never return. Knowing that Rob has grown fond of the miniature people, Gail hugs him in comfort. She then closes the freezer, deciding to call it a day. The next day, Rob pours their cups of coffee and hands one to Gail. Without saying a word to each other, both wonder about the miniature civilization in their freezer. With the slightest bit of hope that the miniature people are still alive, they open the freezer"|"2cfc41cc2c5437939d18eb5c3d941a4bdaec044f421515353eb014623f0703dc"|"Rob zastanawia się, czy miniaturowi ludzie kiedykolwiek wrócą, ale Gail uważa, że ​​to mało prawdopodobne. Z tego powodu Rob ze smutkiem wyciąga wtyczkę z lodówki, jakby akceptował fakt, że ci mali ludzie nigdy nie wrócą. Wiedząc, że Rob polubił miniaturowych ludzi, Gail przytula go w pocieszeniu. Następnie zamyka zamrażarkę, decydując się zakończyć ten dzień. Następnego dnia Rob nalewa kawę do filiżanek i podaje jedną Gail. Bez słowa oboje zastanawiają się nad miniaturową cywilizacją w ich zamrażarce. Z odrobiną nadziei, że miniaturowe ludziki jeszcze żyją, otwierają zamrażarkę"
"361.9"|"394.58"|" again to find cold mist pouring out despite it being unplugged. Inside, they witness another ice age where primitive sapiens consume the carcass of a mighty brachiosaurus. It seems like life in the freezer has restarted, and it has now returned to the age of the dinosaurs. Just then, a roar alerts the sapiens of the arriving Tyrannosaurus-Rex. The sapiens run as one is caught between the dinosaur’s teeth. The last sapiens tumbles with the T-Rex closing in, lunging for the kill. Many claims that the freezer is like a ""pocket universe"" that shows how life evolves to the point of leaving reality."|"73855b108a4f5a46bc2d5d5bcd00fec428f495a836b04db6df904deaf4b20ed9"|"ponownie, aby znaleźć zimną mgłę wylewającą się pomimo odłączenia. Wewnątrz są świadkami kolejnej epoki lodowcowej, w której prymitywne sapieny zjadają zwłoki potężnego brachiozaura. Wygląda na to, że życie w zamrażarce wznowiło się, a teraz powróciło do epoki dinozaurów. Właśnie wtedy ryk ostrzega sapiens o przybyciu Tyranozaura-Rexa. Sapiens uciekają, gdy jeden z nich utknął między zębami dinozaura. Ostatnie sapiens przewracają się, a T-Rex się zbliża, rzucając się na zabicie. Wielu twierdzi, że zamrażarka jest jak „kieszonkowy wszechświat”, który pokazuje, jak życie ewoluuje do punktu wyjścia z rzeczywistości."
"394.58"|"422.37"|" Some may think that the freezer showed the end of their world, but it could also mean that the miniature humans found a different dimension to live in. It’s uncertain how many times this process of life occurred in the old freezer or if it always plays out the same way. The previous owners may have seen life bloom and die repeatedly, eventually getting bored of it, thus leaving the extraordinary freezer behind. Although the show never revealed who created life inside the freezer, an episode titled ""God: Serengeti"" by Oats Studios might just suggest who did."|"0737bfc3161b49095243ae8a261685e5b128dc288ddde49d46beba84bb75e53b"|"Niektórzy mogą pomyśleć, że zamrażarka pokazała koniec ich świata, ale może to również oznaczać, że miniaturowi ludzie znaleźli inny wymiar do życia. Nie jest pewne, ile razy ten proces życia miał miejsce w starej zamrażarce lub czy zawsze się rozgrywa w ten sam sposób. Poprzedni właściciele mogli widzieć, jak życie wielokrotnie rozkwitało i umierało, w końcu znudziło im się, pozostawiając w ten sposób niezwykłą zamrażarkę. Chociaż serial nigdy nie ujawnił, kto stworzył życie w zamrażarce, odcinek zatytułowany „God: Serengeti” autorstwa Oats Studios może po prostu sugerować, kto to zrobił."
"422.37"|"453.98"|" A herd of elephants travels across a field, but their field is on a table in the middle of a mysterious man’s study. The old man doesn’t pay attention to this, as he’s busy reading a book. His butler, Geoffrey, asks how the book is, and the man comments that it’s too technical, adding that he prefers chaos. Still, he likes a recipe for a black hole from the book. He turns his attention to the little beings in his pocket world and laughs at a miniature man who’s rubbing two sticks together. Suddenly, the Homosapien discovers how to make fire, and the old man is enraged."|"5c5cc406e03c229a4c0c5538058158ddc37bc4e53d64334f964b16af084c99f9"|"Stado słoni wędruje przez pole, ale ich pole znajduje się na stole pośrodku gabinetu tajemniczego mężczyzny. Starzec nie zwraca na to uwagi, ponieważ jest zajęty czytaniem książki. Jego kamerdyner, Geoffrey, pyta, jak się ma książka, a mężczyzna komentuje, że jest zbyt techniczny, dodając, że woli chaos. Mimo to lubi przepis na czarną dziurę z książki. Zwraca uwagę na małe istoty w swoim kieszonkowym świecie i śmieje się z miniaturowego człowieka, który pociera o siebie dwa patyki. Nagle Homosapien odkrywa, jak rozpalić ogień, a starzec jest wściekły."
"453.98"|"483.46"|" He complains that he didn’t say those people could do such a thing because he’s supposed to give fire. Geoffrey notes that the current time period is over 200,000 years before they’re supposed to give them fire. Because of this, the old man orders Geoffrey to put the fire out, so the butler blows onto the table, creating the wind that snuffs out the flames. Still, the old man is pissed, so he tells Geoffrey to put them back into their caves. The butler obeys, so he triggers the elephants to stampede towards the humans, forcing them to hide."|"596a1d7796e3a9b1ac5a98555cd778135e5854230017fde49958ac2acb9be2a3"|"Narzeka, że ​​nie powiedział, że ci ludzie mogą coś takiego zrobić, bo on ma dawać ogień. Geoffrey zauważa, że ​​obecny okres to ponad 200 000 lat, zanim mają dać im ogień. Z tego powodu starzec każe Geoffreyowi ugasić ogień, więc kamerdyner dmucha w stół, tworząc wiatr, który gasi płomienie. Mimo to starzec jest wkurzony, więc każe Geoffreyowi wsadzić ich z powrotem do jaskiń. Lokaj jest posłuszny, więc zmusza słonie do paniki w kierunku ludzi, zmuszając ich do ukrycia się."
"483.46"|"511.03"|" After it’s done, the old man is still annoyed at what just happened, so he plans to shrink the brains of the tiny beings to prevent them from making their own choices. Not long after, the homo-sapiens exit the cave again to perform a rain dance. Geoffrey reminds him that they haven’t turned off the drought, so the old man orders him to spray some water on the parched little things. Geoffrey happily obliges and sprays water over the table, causing it to rain on the field. He comments that their God is merciful as the homo-sapiens rejoice."|"bb19b3dadf240785e29208553f6a5d98440ef2fa6a0bc4349489d1d63d70cca1"|"Po zakończeniu starzec nadal jest zirytowany tym, co właśnie się stało, więc planuje zmniejszyć mózgi maleńkich istot, aby uniemożliwić im dokonywanie własnych wyborów. Niedługo potem homo-sapiens ponownie opuszczają jaskinię, aby wykonać taniec deszczu. Geoffrey przypomina mu, że nie wyłączyli suszy, więc starzec każe mu spryskać spieczone drobiazgi wodą. Geoffrey z radością zgadza się i spryskuje stół wodą, powodując deszcz na polu. Komentuje, że ich Bóg jest miłosierny, jak się radują homo-sapiens."
"511.03"|"542.04"|" The old man giggles at the sight of their excitement, so he orders his trusty butler to spray more water. As Geoffrey does so, new plants begin to sprout from the little field. Finally, he's had enough of this fun, and the old man tells Geoffrey to release the plague. The butler hesitates, but the old man is adamant about ending this little game. With no choice, Geoffrey opens an antique box and takes a fancy bottle from it. With furrowed brows, Geoffrey sprays this over the homo-sapiens, and one by one, the people collapse as they take their final breaths."|"f36ec9f8eca973f1addf750b9c1d5322aa4ce9f51ca0b3dadeb5e8265ec10190"|"Starzec chichocze na widok ich podniecenia, więc każe swojemu zaufanemu lokajowi spryskać więcej wody. Kiedy Geoffrey to robi, z małego pola zaczynają wyrastać nowe rośliny. W końcu ma dość tej zabawy, a starzec każe Geoffreyowi uwolnić zarazę. Kamerdyner waha się, ale starzec jest nieugięty, jeśli chodzi o zakończenie tej małej gry. Nie mając wyboru, Geoffrey otwiera zabytkowe pudełko i wyjmuje z niego fantazyjną butelkę. Ze zmarszczonymi brwiami Geoffrey rozpyla to na homo-sapiens i jeden po drugim ludzie upadają, biorąc ostatnie oddechy."
"542.04"|"572.73"|" The old man simply watches this from over his book before continuing with his reading. This story about creation depicts God as both merciful and unforgiving. While he provides water for the thirsty beings on his table, he also takes their lives in a snap once he’s tired of watching them. Both Love, Death, and Robots: Ice Age and God: Serengeti present their own versions of god-like beings. Rob and Gail watch life grow and die without intervention but with sympathy for the civilizations they witness. In contrast, the other presents a more involved God who’s apathetic to the lives on his"|"4b2dfe5c0d0c2b434ce78f7f75e12d5003b22d692e325957a6208f2e442c8adb"|"Starzec po prostu obserwuje to znad swojej książki, po czym kontynuuje czytanie. Ta opowieść o stworzeniu przedstawia Boga jako miłosiernego i nieprzebaczającego. Dostarczając wodę spragnionym istotom na swoim stole, odbiera im też życie w mgnieniu oka, gdy znudzi mu się ich obserwowanie. Zarówno Miłość, Śmierć, jak i Roboty: Epoka lodowcowa i Bóg: Serengeti przedstawiają własne wersje boskich istot. Rob i Gail obserwują, jak życie rośnie i umiera bez interwencji, ale ze współczuciem dla cywilizacji, których są świadkami. W przeciwieństwie do tego, drugi przedstawia bardziej zaangażowanego Boga, który jest apatyczny wobec życia na jego kosztach"
