""|"no"|"st"|"en"|"st_flt"|"en_flt"|"dif"|"txt"
"0"|"1"|"00:00:07.519"|"00:00:15.000"|"7.52"|"15.0"|"7.48"|"at the southern tip of the australian"
"1"|"1"|"00:00:09.599"|"00:00:15.000"|"9.6"|"15.0"|"5.4"|"continent lies a remote island"
"2"|"1"|"00:00:17.199"|"00:00:20.480"|"17.2"|"20.48"|"3.28"|"an immense wilderness"
"3"|"1"|"00:00:21.199"|"00:00:24.800"|"21.2"|"24.8"|"3.6"|"divided by mountains"
"4"|"1"|"00:00:27.760"|"00:00:32.240"|"27.76"|"32.24"|"4.48"|"it's a world of ancient forests"
"5"|"1"|"00:00:32.960"|"00:00:36.320"|"32.96"|"36.32"|"3.36"|"of pristine rivers"
"6"|"1"|"00:00:36.320"|"00:00:39.280"|"36.32"|"39.28"|"2.96"|"and a coastline"
"7"|"1"|"00:00:39.359"|"00:00:44.039"|"39.36"|"44.04"|"4.68"|"that's both wild and beautiful"
"8"|"1"|"00:00:49.520"|"00:00:53.200"|"49.52"|"53.2"|"3.68"|"its animal inhabitants are as"
"9"|"1"|"00:00:51.679"|"00:00:57.000"|"51.68"|"57.0"|"5.32"|"extraordinary"
"10"|"1"|"00:00:53.200"|"00:00:57.000"|"53.2"|"57.0"|"3.8"|"as they are bizarre"
"11"|"1"|"00:01:00.159"|"00:01:04.799"|"60.16"|"64.8"|"4.64"|"this is a land of black devils"
"12"|"1"|"00:01:05.359"|"00:01:08.560"|"65.36"|"68.56"|"3.2"|"and white wallabies"
"13"|"1"|"00:01:10.159"|"00:01:17.920"|"70.16"|"77.92"|"7.76"|"where lights dance in the southern sky"
"14"|"1"|"00:01:13.200"|"00:01:17.920"|"73.2"|"77.92"|"4.72"|"and trees tower to 100 meters"
"15"|"1"|"00:01:22.239"|"00:01:27.599"|"82.24"|"87.6"|"5.36"|"this is tasmania"
"16"|"1"|"00:01:24.959"|"00:01:31.799"|"84.96"|"91.8"|"6.84"|"the weird and wonderful aisle"
"17"|"1"|"00:01:27.599"|"00:01:31.799"|"87.6"|"91.8"|"4.2"|"at the bottom of the world"
"18"|"1"|"00:01:52.000"|"00:01:56.400"|"112.0"|"116.4"|"4.4"|"tasmania is full of surprises"
"19"|"1"|"00:01:57.359"|"00:02:02.560"|"117.36"|"122.56"|"5.2"|"australia yes"
"20"|"1"|"00:01:59.599"|"00:02:02.560"|"119.6"|"122.56"|"2.96"|"but with a twist"
"21"|"1"|"00:02:05.680"|"00:02:09.259"|"125.68"|"129.26"|"3.58"|"it was once connected to the dry"
"22"|"1"|"00:02:07.760"|"00:02:10.639"|"127.76"|"130.64"|"2.88"|"australian mainland"
"23"|"1"|"00:02:10.639"|"00:02:17.280"|"130.64"|"137.28"|"6.64"|"today along with its plants and animals"
"24"|"1"|"00:02:13.919"|"00:02:17.280"|"133.92"|"137.28"|"3.36"|"it's physically cut off"
"25"|"1"|"00:02:18.560"|"00:02:25.360"|"138.56"|"145.36"|"6.8"|"though it lies just to the south"
"26"|"1"|"00:02:21.039"|"00:02:28.000"|"141.04"|"148.0"|"6.96"|"tasmania is a world apart"
"27"|"1"|"00:02:25.360"|"00:02:30.800"|"145.36"|"150.8"|"5.44"|"its isolation and cooler climate has"
"28"|"1"|"00:02:28.000"|"00:02:32.729"|"148.0"|"152.73"|"4.73"|"created a sanctuary unlike any other"
"29"|"1"|"00:02:30.800"|"00:02:37.840"|"150.8"|"157.84"|"7.04"|"part of australia"
"30"|"1"|"00:02:37.840"|"00:02:43.509"|"157.84"|"163.51"|"5.67"|"and the strong seasonal cycle makes life"
"31"|"1"|"00:02:40.879"|"00:02:50.639"|"160.88"|"170.64"|"9.76"|"here very different indeed"
"32"|"1"|"00:02:50.639"|"00:02:55.520"|"170.64"|"175.52"|"4.88"|"winter means a struggle for survival"
"33"|"1"|"00:02:59.039"|"00:03:05.479"|"179.04"|"185.48"|"6.44"|"in tasmania's mountains there are meager"
"34"|"1"|"00:03:01.759"|"00:03:05.479"|"181.76"|"185.48"|"3.72"|"pickings on offered"
"35"|"1"|"00:03:14.639"|"00:03:20.150"|"194.64"|"200.15"|"5.51"|"this is the last landfall heading south"
"36"|"1"|"00:03:18.479"|"00:03:23.759"|"198.48"|"203.76"|"5.28"|"before antarctica"
"37"|"1"|"00:03:23.759"|"00:03:28.159"|"203.76"|"208.16"|"4.4"|"cold air from further south brings"
"38"|"1"|"00:03:25.919"|"00:03:31.849"|"205.92"|"211.85"|"5.93"|"snowfall and freezing temperatures"
"39"|"1"|"00:03:28.159"|"00:03:31.939"|"208.16"|"211.94"|"3.78"|"throughout these winter months"
"40"|"1"|"00:03:36.800"|"00:03:41.919"|"216.8"|"221.92"|"5.12"|"many animals like this female wombat are"
"41"|"1"|"00:03:39.919"|"00:03:44.479"|"219.92"|"224.48"|"4.56"|"australian species"
"42"|"1"|"00:03:41.919"|"00:03:48.159"|"221.92"|"228.16"|"6.24"|"but their habits and lifestyles are most"
"43"|"1"|"00:03:44.479"|"00:03:48.159"|"224.48"|"228.16"|"3.68"|"definitely tasmanian"
"44"|"1"|"00:03:51.199"|"00:03:57.680"|"231.2"|"237.68"|"6.48"|"mainland wombats are largely nocturnal"
"45"|"1"|"00:03:55.199"|"00:03:58.560"|"235.2"|"238.56"|"3.36"|"but here she feeds at any time of the"
"46"|"1"|"00:03:57.680"|"00:04:02.879"|"237.68"|"242.88"|"5.2"|"day"
"47"|"1"|"00:03:58.560"|"00:04:02.879"|"238.56"|"242.88"|"4.32"|"kept warm by her thicker coat of fur"
"48"|"1"|"00:04:05.360"|"00:04:10.919"|"245.36"|"250.92"|"5.56"|"she must take every opportunity to find"
"49"|"1"|"00:04:07.919"|"00:04:10.919"|"247.92"|"250.92"|"3.0"|"food"
"50"|"1"|"00:04:15.360"|"00:04:20.800"|"255.36"|"260.8"|"5.44"|"winter is felt right across this island"
"51"|"1"|"00:04:18.160"|"00:04:20.800"|"258.16"|"260.8"|"2.64"|"wilderness"
"52"|"1"|"00:04:24.720"|"00:04:31.899"|"264.72"|"271.9"|"7.18"|"even lower down in tasmania's forests"
"53"|"1"|"00:04:28.480"|"00:04:36.329"|"268.48"|"276.33"|"7.85"|"temperatures can fall below freezing"
"54"|"1"|"00:04:42.879"|"00:04:46.639"|"282.88"|"286.64"|"3.76"|"the first europeans to explore these"
"55"|"1"|"00:04:45.120"|"00:04:49.680"|"285.12"|"289.68"|"4.56"|"forests"
"56"|"1"|"00:04:46.639"|"00:04:52.839"|"286.64"|"292.84"|"6.2"|"claimed they heard devils screaming in"
"57"|"1"|"00:04:49.680"|"00:04:52.839"|"289.68"|"292.84"|"3.16"|"the night"
"58"|"1"|"00:05:03.839"|"00:05:10.600"|"303.84"|"310.6"|"6.76"|"and so tasmania's most famous animal got"
"59"|"1"|"00:05:07.279"|"00:05:10.600"|"307.28"|"310.6"|"3.32"|"its name"
"60"|"1"|"00:05:13.439"|"00:05:17.639"|"313.44"|"317.64"|"4.2"|"the tasmanian devil"
"61"|"1"|"00:05:28.879"|"00:05:35.519"|"328.88"|"335.52"|"6.64"|"primarily scavengers they can smell a"
"62"|"1"|"00:05:31.519"|"00:05:38.000"|"331.52"|"338.0"|"6.48"|"carcass from half a mile away"
"63"|"1"|"00:05:35.519"|"00:05:42.560"|"335.52"|"342.56"|"7.04"|"and relative to body size they have the"
"64"|"1"|"00:05:38.000"|"00:05:47.560"|"338.0"|"347.56"|"9.56"|"most powerful bite in the natural world"
"65"|"1"|"00:05:42.560"|"00:05:47.560"|"342.56"|"347.56"|"5.0"|"they can easily crunch through bone"
"66"|"1"|"00:05:59.439"|"00:06:05.120"|"359.44"|"365.12"|"5.68"|"devils once lived throughout australia"
"67"|"1"|"00:06:02.639"|"00:06:08.319"|"362.64"|"368.32"|"5.68"|"but vanished as the continent dried out"
"68"|"1"|"00:06:05.120"|"00:06:08.319"|"365.12"|"368.32"|"3.2"|"and humans arrived"
"69"|"1"|"00:06:09.360"|"00:06:14.240"|"369.36"|"374.24"|"4.88"|"today"
"70"|"1"|"00:06:10.319"|"00:06:14.240"|"370.32"|"374.24"|"3.92"|"this is their last stronghold"
"71"|"1"|"00:06:17.759"|"00:06:22.839"|"377.76"|"382.84"|"5.08"|"like most australian mammals their"
"72"|"1"|"00:06:19.839"|"00:06:22.839"|"379.84"|"382.84"|"3.0"|"marsupials"
"73"|"1"|"00:06:23.279"|"00:06:28.560"|"383.28"|"388.56"|"5.28"|"while they may appear dog-like devils"
"74"|"1"|"00:06:26.240"|"00:06:30.639"|"386.24"|"390.64"|"4.4"|"are more closely related to kangaroos"
"75"|"1"|"00:06:28.560"|"00:06:32.800"|"388.56"|"392.8"|"4.24"|"than canines"
"76"|"1"|"00:06:30.639"|"00:06:35.839"|"390.64"|"395.84"|"5.2"|"and being marsupial they rear their"
"77"|"1"|"00:06:32.800"|"00:06:35.839"|"392.8"|"395.84"|"3.04"|"young in a pouch"
"78"|"1"|"00:06:37.519"|"00:06:42.350"|"397.52"|"402.35"|"4.83"|"a few weeks ago this female gave birth"
"79"|"1"|"00:06:40.639"|"00:06:43.519"|"400.64"|"403.52"|"2.88"|"to 40 young"
"80"|"1"|"00:06:43.519"|"00:06:51.040"|"403.52"|"411.04"|"7.52"|"each the size of a grain of rice"
"81"|"1"|"00:06:51.040"|"00:06:59.689"|"411.04"|"419.69"|"8.65"|"inside her pouch she has just four teats"
"82"|"1"|"00:06:55.920"|"00:07:05.519"|"415.92"|"425.52"|"9.6"|"so only four young will survive"
"83"|"1"|"00:07:05.519"|"00:07:14.959"|"425.52"|"434.96"|"9.44"|"a devil's race for survival begins early"
"84"|"1"|"00:07:14.959"|"00:07:18.800"|"434.96"|"438.8"|"3.84"|"it's a tough start"
"85"|"1"|"00:07:16.639"|"00:07:21.439"|"436.64"|"441.44"|"4.8"|"but this mum will dedicate most of her"
"86"|"1"|"00:07:18.800"|"00:07:24.160"|"438.8"|"444.16"|"5.36"|"year to looking after the four babies"
"87"|"1"|"00:07:21.439"|"00:07:24.160"|"441.44"|"444.16"|"2.72"|"who survive"
"88"|"1"|"00:07:25.040"|"00:07:29.680"|"445.04"|"449.68"|"4.64"|"she overcame extraordinary odds to reach"
"89"|"1"|"00:07:27.920"|"00:07:32.480"|"447.92"|"452.48"|"4.56"|"adulthood"
"90"|"1"|"00:07:29.680"|"00:07:35.199"|"449.68"|"455.2"|"5.52"|"now it's her turn to raise the next"
"91"|"1"|"00:07:32.480"|"00:07:35.199"|"452.48"|"455.2"|"2.72"|"generation"
"92"|"1"|"00:07:39.839"|"00:07:44.959"|"459.84"|"464.96"|"5.12"|"marsupials like the devils live here"
"93"|"1"|"00:07:42.319"|"00:07:48.240"|"462.32"|"468.24"|"5.92"|"because tasmania was once connected to"
"94"|"1"|"00:07:44.959"|"00:07:48.240"|"464.96"|"468.24"|"3.28"|"mainland australia"
"95"|"1"|"00:07:49.120"|"00:07:55.279"|"469.12"|"475.28"|"6.16"|"the island and its inhabitants became"
"96"|"1"|"00:07:51.759"|"00:07:59.839"|"471.76"|"479.84"|"8.08"|"isolated some 12 000 years ago when sea"
"97"|"1"|"00:07:55.279"|"00:07:59.839"|"475.28"|"479.84"|"4.56"|"levels rose following the last ice age"
"98"|"1"|"00:08:01.360"|"00:08:06.860"|"481.36"|"486.86"|"5.5"|"but tasmania is a window on a far more"
"99"|"1"|"00:08:04.160"|"00:08:08.879"|"484.16"|"488.88"|"4.72"|"ancient past"
"100"|"1"|"00:08:08.879"|"00:08:14.240"|"488.88"|"494.24"|"5.36"|"some of these forests have barely"
"101"|"1"|"00:08:10.959"|"00:08:16.079"|"490.96"|"496.08"|"5.12"|"changed since dinosaurs walked the earth"
"102"|"1"|"00:08:14.240"|"00:08:20.879"|"494.24"|"500.88"|"6.64"|"when the southern continents were a"
"103"|"1"|"00:08:16.079"|"00:08:20.879"|"496.08"|"500.88"|"4.8"|"single landmass called gondwana"
"104"|"1"|"00:08:21.680"|"00:08:26.160"|"501.68"|"506.16"|"4.48"|"there is still a creature here whose"
"105"|"1"|"00:08:24.079"|"00:08:29.160"|"504.08"|"509.16"|"5.08"|"ancestors roamed that ancient"
"106"|"1"|"00:08:26.160"|"00:08:29.160"|"506.16"|"509.16"|"3.0"|"supercontinent"
"107"|"1"|"00:08:41.120"|"00:08:45.600"|"521.12"|"525.6"|"4.48"|"it lives in tasmania's rivers"
"108"|"1"|"00:08:43.440"|"00:08:48.320"|"523.44"|"528.32"|"4.88"|"and is one of the island's longest live"
"109"|"1"|"00:08:45.600"|"00:08:48.320"|"525.6"|"528.32"|"2.72"|"survivors"
"110"|"1"|"00:08:49.759"|"00:08:54.919"|"529.76"|"534.92"|"5.16"|"the tasmanian giant lobster"
"111"|"1"|"00:08:58.799"|"00:09:02.559"|"538.8"|"542.56"|"3.76"|"weighing up to five kilos and a meter"
"112"|"1"|"00:09:01.039"|"00:09:04.000"|"541.04"|"544.0"|"2.96"|"long"
"113"|"1"|"00:09:02.559"|"00:09:06.399"|"542.56"|"546.4"|"3.84"|"they're the biggest fresh water"
"114"|"1"|"00:09:04.000"|"00:09:11.440"|"544.0"|"551.44"|"7.44"|"invertebrates on our planet"
"115"|"1"|"00:09:06.399"|"00:09:11.440"|"546.4"|"551.44"|"5.04"|"taking some 40 years to reach full size"
"116"|"1"|"00:09:12.399"|"00:09:17.519"|"552.4"|"557.52"|"5.12"|"tasmania's isolation together with the"
"117"|"1"|"00:09:14.960"|"00:09:22.039"|"554.96"|"562.04"|"7.08"|"lack of sizable predators may be one"
"118"|"1"|"00:09:17.519"|"00:09:22.039"|"557.52"|"562.04"|"4.52"|"reason why they grow so massive"
"119"|"1"|"00:09:23.200"|"00:09:26.600"|"563.2"|"566.6"|"3.4"|"but they're not entirely free from"
"120"|"1"|"00:09:25.120"|"00:09:31.519"|"565.12"|"571.52"|"6.4"|"threat"
"121"|"1"|"00:09:31.519"|"00:09:36.440"|"571.52"|"576.44"|"4.92"|"tasmanian platypuses are enormous"
"122"|"1"|"00:09:37.279"|"00:09:42.559"|"577.28"|"582.56"|"5.28"|"as much as three times heavier than"
"123"|"1"|"00:09:39.039"|"00:09:42.559"|"579.04"|"582.56"|"3.52"|"their mainland counterparts"
"124"|"1"|"00:09:44.799"|"00:09:49.639"|"584.8"|"589.64"|"4.84"|"it's an adaptation to the cooler"
"125"|"1"|"00:09:47.039"|"00:09:55.009"|"587.04"|"595.01"|"7.97"|"southern climate"
"126"|"1"|"00:09:55.919"|"00:10:00.960"|"595.92"|"600.96"|"5.04"|"this male is after tiny invertebrates"
"127"|"1"|"00:09:58.559"|"00:10:02.570"|"598.56"|"602.57"|"4.01"|"found on the riverbed including young"
"128"|"1"|"00:10:00.960"|"00:10:03.879"|"600.96"|"603.88"|"2.92"|"lobsters"
"129"|"1"|"00:10:07.039"|"00:10:12.320"|"607.04"|"612.32"|"5.28"|"and to stay warm in winter"
"130"|"1"|"00:10:09.200"|"00:10:12.320"|"609.2"|"612.32"|"3.12"|"he must find a lot"
"131"|"1"|"00:10:14.639"|"00:10:20.960"|"614.64"|"620.96"|"6.32"|"he needs to keep moving"
"132"|"1"|"00:10:18.480"|"00:10:24.399"|"618.48"|"624.4"|"5.92"|"with no large predators to worry them"
"133"|"1"|"00:10:20.960"|"00:10:26.720"|"620.96"|"626.72"|"5.76"|"platypuses here get about in an unusual"
"134"|"1"|"00:10:24.399"|"00:10:26.720"|"624.4"|"626.72"|"2.32"|"way"
"135"|"1"|"00:10:28.080"|"00:10:35.200"|"628.08"|"635.2"|"7.12"|"only in tasmania does the platypus walk"
"136"|"1"|"00:10:30.960"|"00:10:35.200"|"630.96"|"635.2"|"4.24"|"between rivers in broad daylight"
"137"|"1"|"00:10:45.600"|"00:10:51.360"|"645.6"|"651.36"|"5.76"|"out of water it's easy to see why the"
"138"|"1"|"00:10:48.159"|"00:10:54.419"|"648.16"|"654.42"|"6.26"|"platypus was once dismissed as a fraud"
"139"|"1"|"00:10:51.360"|"00:10:57.610"|"651.36"|"657.61"|"6.25"|"the work of a hoaxer"
"140"|"1"|"00:11:03.200"|"00:11:08.159"|"663.2"|"668.16"|"4.96"|"but down here he is in his element"
"141"|"1"|"00:11:09.039"|"00:11:15.799"|"669.04"|"675.8"|"6.76"|"his strange assemblage of body parts"
"142"|"1"|"00:11:11.600"|"00:11:15.799"|"671.6"|"675.8"|"4.2"|"soon begins to make sense"
"143"|"1"|"00:11:16.320"|"00:11:19.919"|"676.32"|"679.92"|"3.6"|"webbed feet help him move"
"144"|"1"|"00:11:20.000"|"00:11:26.000"|"680.0"|"686.0"|"6.0"|"while his otter-like fur keeps him warm"
"145"|"1"|"00:11:26.000"|"00:11:31.120"|"686.0"|"691.12"|"5.12"|"his beaver-like tail stores fat"
"146"|"1"|"00:11:31.279"|"00:11:36.720"|"691.28"|"696.72"|"5.44"|"but the platypus is best known for its"
"147"|"1"|"00:11:33.759"|"00:11:36.720"|"693.76"|"696.72"|"2.96"|"duck-like bill"
"148"|"1"|"00:11:37.120"|"00:11:42.039"|"697.12"|"702.04"|"4.92"|"which it uses to find food"
"149"|"1"|"00:11:43.360"|"00:11:47.759"|"703.36"|"707.76"|"4.4"|"underwater he's completely blind"
"150"|"1"|"00:11:50.799"|"00:11:55.720"|"710.8"|"715.72"|"4.92"|"not ideal for avoiding rocks"
"151"|"1"|"00:11:57.039"|"00:12:02.799"|"717.04"|"722.8"|"5.76"|"but some 40 000 receptors in the bill"
"152"|"1"|"00:11:59.919"|"00:12:06.899"|"719.92"|"726.9"|"6.98"|"detect electrical signals given off by"
"153"|"1"|"00:12:02.799"|"00:12:10.639"|"722.8"|"730.64"|"7.84"|"the muscles of prey animals"
"154"|"1"|"00:12:10.639"|"00:12:15.840"|"730.64"|"735.84"|"5.2"|"with the need to eat a lot just to keep"
"155"|"1"|"00:12:12.879"|"00:12:20.200"|"732.88"|"740.2"|"7.32"|"warm a platypus can stay on the hunt for"
"156"|"1"|"00:12:15.840"|"00:12:20.200"|"735.84"|"740.2"|"4.36"|"some 12 hours a day"
"157"|"1"|"00:12:26.799"|"00:12:32.399"|"746.8"|"752.4"|"5.6"|"though also found on the mainland"
"158"|"1"|"00:12:29.279"|"00:12:34.990"|"749.28"|"754.99"|"5.71"|"tasmania's platypuses are by far the"
"159"|"1"|"00:12:32.399"|"00:12:38.200"|"752.4"|"758.2"|"5.8"|"biggest and boldest"
"160"|"1"|"00:12:40.320"|"00:12:47.759"|"760.32"|"767.76"|"7.44"|"they like others are adapted to the"
"161"|"1"|"00:12:42.799"|"00:12:47.759"|"762.8"|"767.76"|"4.96"|"island's isolation and cooler climate"
"162"|"1"|"00:12:51.759"|"00:12:57.279"|"771.76"|"777.28"|"5.52"|"lying 150 miles south of australia"
"163"|"1"|"00:12:57.519"|"00:13:04.269"|"777.52"|"784.27"|"6.75"|"tasmania is surrounded by a vast expanse"
"164"|"1"|"00:13:00.639"|"00:13:07.590"|"780.64"|"787.59"|"6.95"|"of open ocean"
"165"|"1"|"00:13:21.519"|"00:13:26.480"|"801.52"|"806.48"|"4.96"|"to the west the next landfall is south"
"166"|"1"|"00:13:24.720"|"00:13:28.429"|"804.72"|"808.43"|"3.71"|"america"
"167"|"1"|"00:13:26.480"|"00:13:33.360"|"806.48"|"813.36"|"6.88"|"thousands of miles away"
"168"|"1"|"00:13:33.360"|"00:13:38.059"|"813.36"|"818.06"|"4.7"|"to the south"
"169"|"1"|"00:13:34.480"|"00:13:41.230"|"814.48"|"821.23"|"6.75"|"lies the great antarctic continent"
"170"|"1"|"00:13:41.519"|"00:13:47.899"|"821.52"|"827.9"|"6.38"|"and as winter comes to an end"
"171"|"1"|"00:13:44.159"|"00:13:52.649"|"824.16"|"832.65"|"8.49"|"new arrivals come ashore to breed"
"172"|"1"|"00:13:53.120"|"00:13:58.159"|"833.12"|"838.16"|"5.04"|"penguins"
"173"|"1"|"00:13:55.840"|"00:14:01.679"|"835.84"|"841.68"|"5.84"|"hidden among the rocks this female has"
"174"|"1"|"00:13:58.159"|"00:14:05.200"|"838.16"|"845.2"|"7.04"|"two newly hatched chicks"
"175"|"1"|"00:14:01.679"|"00:14:05.200"|"841.68"|"845.2"|"3.52"|"but nothing to feed them"
"176"|"1"|"00:14:06.320"|"00:14:13.600"|"846.32"|"853.6"|"7.28"|"her partner left some 14 hours ago"
"177"|"1"|"00:14:10.399"|"00:14:13.600"|"850.4"|"853.6"|"3.2"|"and is yet to return"
"178"|"1"|"00:14:14.879"|"00:14:19.600"|"854.88"|"859.6"|"4.72"|"he's out fishing"
"179"|"1"|"00:14:17.039"|"00:14:21.679"|"857.04"|"861.68"|"4.64"|"but quite unlike any other penguin he"
"180"|"1"|"00:14:19.600"|"00:14:24.080"|"859.6"|"864.08"|"4.48"|"must wait for nightfall to leave the"
"181"|"1"|"00:14:21.679"|"00:14:24.080"|"861.68"|"864.08"|"2.4"|"water"
"182"|"1"|"00:14:28.000"|"00:14:32.320"|"868.0"|"872.32"|"4.32"|"gulls and birds of prey patrol the coast"
"183"|"1"|"00:14:30.720"|"00:14:37.200"|"870.72"|"877.2"|"6.48"|"by day"
"184"|"1"|"00:14:32.320"|"00:14:37.200"|"872.32"|"877.2"|"4.88"|"it's only safe to return after sunset"
"185"|"1"|"00:14:40.879"|"00:14:46.159"|"880.88"|"886.16"|"5.28"|"that is because these are little"
"186"|"1"|"00:14:43.519"|"00:14:46.159"|"883.52"|"886.16"|"2.64"|"penguins"
"187"|"1"|"00:14:48.879"|"00:14:55.039"|"888.88"|"895.04"|"6.16"|"at only 30 centimetres tall they're the"
"188"|"1"|"00:14:51.360"|"00:14:55.039"|"891.36"|"895.04"|"3.68"|"smallest penguins in the world"
"189"|"1"|"00:14:57.600"|"00:15:02.240"|"897.6"|"902.24"|"4.64"|"and with nests several hundred meters in"
"190"|"1"|"00:15:00.159"|"00:15:05.200"|"900.16"|"905.2"|"5.04"|"land"
"191"|"1"|"00:15:02.240"|"00:15:07.429"|"902.24"|"907.43"|"5.19"|"the only safe way to get there"
"192"|"1"|"00:15:05.200"|"00:15:14.320"|"905.2"|"914.32"|"9.12"|"is to make a dash in the darkness"
"193"|"1"|"00:15:14.320"|"00:15:31.409"|"914.32"|"931.41"|"17.09"|"their safety in numbers"
"194"|"1"|"00:15:38.240"|"00:15:43.600"|"938.24"|"943.6"|"5.36"|"with hundreds of nests in the colony the"
"195"|"1"|"00:15:41.039"|"00:15:46.720"|"941.04"|"946.72"|"5.68"|"night soon fills with the calls of"
"196"|"1"|"00:15:43.600"|"00:15:46.720"|"943.6"|"946.72"|"3.12"|"returning adults"
"197"|"1"|"00:15:48.159"|"00:15:53.539"|"948.16"|"953.54"|"5.38"|"the sound of early spring on tasmania's"
"198"|"1"|"00:15:51.200"|"00:15:58.710"|"951.2"|"958.71"|"7.51"|"coast"
"199"|"1"|"00:16:02.720"|"00:16:05.720"|"962.72"|"965.72"|"3.0"|"me"
"200"|"1"|"00:16:17.600"|"00:16:23.840"|"977.6"|"983.84"|"6.24"|"this will be a welcome meal for the"
"201"|"1"|"00:16:20.000"|"00:16:23.840"|"980.0"|"983.84"|"3.84"|"newly hatched chicks"
"202"|"1"|"00:16:27.519"|"00:16:33.120"|"987.52"|"993.12"|"5.6"|"the little penguin's presence is a"
"203"|"1"|"00:16:29.600"|"00:16:36.399"|"989.6"|"996.4"|"6.8"|"reminder of antarctica's proximity"
"204"|"1"|"00:16:36.399"|"00:16:40.720"|"996.4"|"1000.72"|"4.32"|"but while early spring brings them"
"205"|"1"|"00:16:38.320"|"00:16:43.600"|"998.32"|"1003.6"|"5.28"|"ashore to breed"
"206"|"1"|"00:16:40.720"|"00:16:45.919"|"1000.72"|"1005.92"|"5.2"|"it also brings wild and unpredictable"
"207"|"1"|"00:16:43.600"|"00:16:45.919"|"1003.6"|"1005.92"|"2.32"|"weather"
"208"|"1"|"00:16:47.440"|"00:16:51.980"|"1007.44"|"1011.98"|"4.54"|"prevailing winds carry most of the bad"
"209"|"1"|"00:16:49.519"|"00:16:58.129"|"1009.52"|"1018.13"|"8.61"|"weather from the west"
"210"|"1"|"00:17:14.480"|"00:17:20.319"|"1034.48"|"1040.32"|"5.84"|"and tasmania's mountains cause much of"
"211"|"1"|"00:17:17.519"|"00:17:23.039"|"1037.52"|"1043.04"|"5.52"|"the rain to fall on the western half of"
"212"|"1"|"00:17:20.319"|"00:17:23.039"|"1040.32"|"1043.04"|"2.72"|"the island"
"213"|"1"|"00:17:24.480"|"00:17:30.640"|"1044.48"|"1050.64"|"6.16"|"the result divides tasmania in two"
"214"|"1"|"00:17:27.920"|"00:17:32.539"|"1047.92"|"1052.54"|"4.62"|"with a wet western side and a dry"
"215"|"1"|"00:17:30.640"|"00:17:35.640"|"1050.64"|"1055.64"|"5.0"|"eastern side"
"216"|"1"|"00:17:42.240"|"00:17:48.559"|"1062.24"|"1068.56"|"6.32"|"some western areas are among the wettest"
"217"|"1"|"00:17:45.279"|"00:17:48.559"|"1065.28"|"1068.56"|"3.28"|"in all of australia"
"218"|"1"|"00:17:49.680"|"00:17:54.079"|"1069.68"|"1074.08"|"4.4"|"it rains here nearly every day"
"219"|"1"|"00:17:57.680"|"00:18:03.559"|"1077.68"|"1083.56"|"5.88"|"and all the water supports a surprising"
"220"|"1"|"00:18:00.559"|"00:18:03.559"|"1080.56"|"1083.56"|"3.0"|"spectacle"
"221"|"1"|"00:18:14.799"|"00:18:22.240"|"1094.8"|"1102.24"|"7.44"|"caught in a bizarre trap"
"222"|"1"|"00:18:18.240"|"00:18:22.240"|"1098.24"|"1102.24"|"4.0"|"these insects are doomed"
"223"|"1"|"00:18:27.680"|"00:18:32.690"|"1107.68"|"1112.69"|"5.01"|"how they got stuck only becomes apparent"
"224"|"1"|"00:18:30.720"|"00:18:37.690"|"1110.72"|"1117.69"|"6.97"|"as night falls"
"225"|"1"|"00:18:42.160"|"00:18:48.720"|"1122.16"|"1128.72"|"6.56"|"these strange lights belong to the"
"226"|"1"|"00:18:44.880"|"00:18:48.720"|"1124.88"|"1128.72"|"3.84"|"larvae of a type of gnat"
"227"|"1"|"00:18:50.720"|"00:18:55.920"|"1130.72"|"1135.92"|"5.2"|"the light is formed by a chemical"
"228"|"1"|"00:18:52.799"|"00:19:00.160"|"1132.8"|"1140.16"|"7.36"|"reaction in the larva's abdomen and can"
"229"|"1"|"00:18:55.920"|"00:19:00.160"|"1135.92"|"1140.16"|"4.24"|"be turned on and off at will"
"230"|"1"|"00:19:01.359"|"00:19:07.519"|"1141.36"|"1147.52"|"6.16"|"sticky threads hang from its silk and"
"231"|"1"|"00:19:04.160"|"00:19:07.519"|"1144.16"|"1147.52"|"3.36"|"mucus-laden nest"
"232"|"1"|"00:19:08.240"|"00:19:13.109"|"1148.24"|"1153.11"|"4.87"|"insects drawn to the light are ensnared"
"233"|"1"|"00:19:11.359"|"00:19:17.480"|"1151.36"|"1157.48"|"6.12"|"then devoured"
"234"|"1"|"00:19:21.759"|"00:19:26.400"|"1161.76"|"1166.4"|"4.64"|"each glowworms thread is made up almost"
"235"|"1"|"00:19:24.480"|"00:19:29.200"|"1164.48"|"1169.2"|"4.72"|"entirely of water"
"236"|"1"|"00:19:26.400"|"00:19:34.200"|"1166.4"|"1174.2"|"7.8"|"so the high rainfall in tasmania's wet"
"237"|"1"|"00:19:29.200"|"00:19:34.200"|"1169.2"|"1174.2"|"5.0"|"west provides ideal conditions"
"238"|"1"|"00:19:42.480"|"00:19:46.720"|"1182.48"|"1186.72"|"4.24"|"and the rain that supports these tiny"
"239"|"1"|"00:19:45.279"|"00:19:49.279"|"1185.28"|"1189.28"|"4.0"|"glowworms"
"240"|"1"|"00:19:46.720"|"00:19:53.640"|"1186.72"|"1193.64"|"6.92"|"also sustains one of the largest"
"241"|"1"|"00:19:49.279"|"00:19:53.640"|"1189.28"|"1193.64"|"4.36"|"organisms on the planet"
"242"|"1"|"00:19:55.680"|"00:19:58.720"|"1195.68"|"1198.72"|"3.04"|"mountain ash"
"243"|"1"|"00:19:59.839"|"00:20:03.839"|"1199.84"|"1203.84"|"4.0"|"they are a type of eucalyptus"
"244"|"1"|"00:20:03.920"|"00:20:10.000"|"1203.92"|"1210.0"|"6.08"|"fast growing trees that evolved on the"
"245"|"1"|"00:20:06.400"|"00:20:11.920"|"1206.4"|"1211.92"|"5.52"|"dry australian mainland"
"246"|"1"|"00:20:10.000"|"00:20:15.599"|"1210.0"|"1215.6"|"5.6"|"in tasmania"
"247"|"1"|"00:20:11.920"|"00:20:15.599"|"1211.92"|"1215.6"|"3.68"|"they become giants"
"248"|"1"|"00:20:17.440"|"00:20:21.279"|"1217.44"|"1221.28"|"3.84"|"strangely for trees living in a wet"
"249"|"1"|"00:20:20.000"|"00:20:25.559"|"1220.0"|"1225.56"|"5.56"|"forest"
"250"|"1"|"00:20:21.279"|"00:20:25.559"|"1221.28"|"1225.56"|"4.28"|"they need fire to reproduce"
"251"|"1"|"00:20:37.200"|"00:20:42.960"|"1237.2"|"1242.96"|"5.76"|"the mountain ash stores its seeds in"
"252"|"1"|"00:20:40.000"|"00:20:42.960"|"1240.0"|"1242.96"|"2.96"|"small pods"
"253"|"1"|"00:20:44.160"|"00:20:49.000"|"1244.16"|"1249.0"|"4.84"|"which are released as the pods burn"
"254"|"1"|"00:20:52.640"|"00:20:58.880"|"1252.64"|"1258.88"|"6.24"|"beneath the ash the seeds live on"
"255"|"1"|"00:20:56.160"|"00:21:02.440"|"1256.16"|"1262.44"|"6.28"|"quickly germinating without competition"
"256"|"1"|"00:20:58.880"|"00:21:02.440"|"1258.88"|"1262.44"|"3.56"|"from other plants"
"257"|"1"|"00:21:02.559"|"00:21:08.160"|"1262.56"|"1268.16"|"5.6"|"this makes sense in a dry habitat with"
"258"|"1"|"00:21:05.200"|"00:21:08.160"|"1265.2"|"1268.16"|"2.96"|"regular fire"
"259"|"1"|"00:21:11.359"|"00:21:17.000"|"1271.36"|"1277.0"|"5.64"|"but not in tasmania's wet forests"
"260"|"1"|"00:21:23.519"|"00:21:30.200"|"1283.52"|"1290.2"|"6.68"|"young mountain ash can grow at a rate of"
"261"|"1"|"00:21:26.240"|"00:21:30.200"|"1286.24"|"1290.2"|"3.96"|"several meters a year"
"262"|"1"|"00:21:41.279"|"00:21:46.539"|"1301.28"|"1306.54"|"5.26"|"all that holds them back is the next"
"263"|"1"|"00:21:44.000"|"00:21:50.880"|"1304.0"|"1310.88"|"6.88"|"fire or a lack of water"
"264"|"1"|"00:21:50.880"|"00:21:57.319"|"1310.88"|"1317.32"|"6.44"|"and that is the secret behind their"
"265"|"1"|"00:21:53.599"|"00:21:57.319"|"1313.6"|"1317.32"|"3.72"|"staggering height"
"266"|"1"|"00:22:02.640"|"00:22:09.119"|"1322.64"|"1329.12"|"6.48"|"in tasmania's damp west fire is so"
"267"|"1"|"00:22:06.000"|"00:22:12.119"|"1326.0"|"1332.12"|"6.12"|"infrequent these trees keep growing for"
"268"|"1"|"00:22:09.119"|"00:22:12.119"|"1329.12"|"1332.12"|"3.0"|"centuries"
"269"|"1"|"00:22:19.039"|"00:22:23.519"|"1339.04"|"1343.52"|"4.48"|"those standing in this valley all"
"270"|"1"|"00:22:21.440"|"00:22:28.880"|"1341.44"|"1348.88"|"7.44"|"germinated following the same"
"271"|"1"|"00:22:23.519"|"00:22:28.880"|"1343.52"|"1348.88"|"5.36"|"devastating fire 400 years ago"
"272"|"1"|"00:22:29.759"|"00:22:35.960"|"1349.76"|"1355.96"|"6.2"|"today they reach almost 100 meters into"
"273"|"1"|"00:22:32.799"|"00:22:35.960"|"1352.8"|"1355.96"|"3.16"|"the sky"
"274"|"1"|"00:22:49.359"|"00:22:55.359"|"1369.36"|"1375.36"|"6.0"|"they may have evolved on the dry"
"275"|"1"|"00:22:51.759"|"00:22:58.079"|"1371.76"|"1378.08"|"6.32"|"australian mainland but it's tasmania's"
"276"|"1"|"00:22:55.359"|"00:23:00.720"|"1375.36"|"1380.72"|"5.36"|"wet forests that have turned mountain"
"277"|"1"|"00:22:58.079"|"00:23:04.839"|"1378.08"|"1384.84"|"6.76"|"ash trees into the tallest flowering"
"278"|"1"|"00:23:00.720"|"00:23:04.839"|"1380.72"|"1384.84"|"4.12"|"plants on earth"
"279"|"1"|"00:23:13.440"|"00:23:18.160"|"1393.44"|"1398.16"|"4.72"|"the moisture-laden air that blows in"
"280"|"1"|"00:23:15.839"|"00:23:20.720"|"1395.84"|"1400.72"|"4.88"|"from tasmania's west"
"281"|"1"|"00:23:18.160"|"00:23:23.720"|"1398.16"|"1403.72"|"5.56"|"brings several meters of rainfall each"
"282"|"1"|"00:23:20.720"|"00:23:23.720"|"1400.72"|"1403.72"|"3.0"|"year"
"283"|"1"|"00:23:26.559"|"00:23:32.720"|"1406.56"|"1412.72"|"6.16"|"although it can rain most days"
"284"|"1"|"00:23:29.119"|"00:23:37.839"|"1409.12"|"1417.84"|"8.72"|"winter and spring are the wettest times"
"285"|"1"|"00:23:32.720"|"00:23:37.839"|"1412.72"|"1417.84"|"5.12"|"and seasonal waterfalls burst into life"
"286"|"1"|"00:23:43.839"|"00:23:48.559"|"1423.84"|"1428.56"|"4.72"|"all who live here must adapt to the"
"287"|"1"|"00:23:46.160"|"00:23:51.559"|"1426.16"|"1431.56"|"5.4"|"regular downpours and cooler"
"288"|"1"|"00:23:48.559"|"00:23:51.559"|"1428.56"|"1431.56"|"3.0"|"temperatures"
"289"|"1"|"00:23:52.880"|"00:23:59.710"|"1432.88"|"1439.71"|"6.83"|"and like so many of tasmania's species"
"290"|"1"|"00:23:55.759"|"00:24:04.410"|"1435.76"|"1444.41"|"8.65"|"their adaptations set them apart"
"291"|"1"|"00:24:11.279"|"00:24:19.400"|"1451.28"|"1459.4"|"8.12"|"it may not look like it but this is the"
"292"|"1"|"00:24:14.160"|"00:24:19.400"|"1454.16"|"1459.4"|"5.24"|"closest living relative of the platypus"
"293"|"1"|"00:24:20.160"|"00:24:26.559"|"1460.16"|"1466.56"|"6.4"|"the echidna australia's most widespread"
"294"|"1"|"00:24:23.759"|"00:24:26.559"|"1463.76"|"1466.56"|"2.8"|"native mammal"
"295"|"1"|"00:24:30.960"|"00:24:36.400"|"1470.96"|"1476.4"|"5.44"|"but while mainland echidnas are all"
"296"|"1"|"00:24:33.279"|"00:24:40.740"|"1473.28"|"1480.74"|"7.46"|"spines this tasmanian one is mostly"
"297"|"1"|"00:24:36.400"|"00:24:46.079"|"1476.4"|"1486.08"|"9.68"|"covered in hair to help keep him warm"
"298"|"1"|"00:24:46.079"|"00:24:51.599"|"1486.08"|"1491.6"|"5.52"|"milder spring months mean an abundance"
"299"|"1"|"00:24:49.039"|"00:24:54.000"|"1489.04"|"1494.0"|"4.96"|"of his favorite food"
"300"|"1"|"00:24:51.599"|"00:24:54.000"|"1491.6"|"1494.0"|"2.4"|"ants"
"301"|"1"|"00:24:56.960"|"00:25:02.480"|"1496.96"|"1502.48"|"5.52"|"but when you're this hairy your food"
"302"|"1"|"00:24:59.440"|"00:25:03.869"|"1499.44"|"1503.87"|"4.43"|"gets stuck everywhere which is a pain"
"303"|"1"|"00:25:02.480"|"00:25:11.519"|"1502.48"|"1511.52"|"9.04"|"when it can bite back"
"304"|"1"|"00:25:11.519"|"00:25:17.940"|"1511.52"|"1517.94"|"6.42"|"time to move on"
"305"|"1"|"00:25:22.480"|"00:25:28.240"|"1522.48"|"1528.24"|"5.76"|"as spring turns to summer"
"306"|"1"|"00:25:25.279"|"00:25:32.759"|"1525.28"|"1532.76"|"7.48"|"tasmania's inhabitants get some relief"
"307"|"1"|"00:25:28.240"|"00:25:32.759"|"1528.24"|"1532.76"|"4.52"|"from the wild and cool weather"
"308"|"1"|"00:25:44.319"|"00:25:50.000"|"1544.32"|"1550.0"|"5.68"|"it's now that the young devils are ready"
"309"|"1"|"00:25:47.119"|"00:25:50.000"|"1547.12"|"1550.0"|"2.88"|"to leave the den"
"310"|"1"|"00:25:51.680"|"00:25:55.200"|"1551.68"|"1555.2"|"3.52"|"they've been out of their mother's pouch"
"311"|"1"|"00:25:53.440"|"00:25:59.359"|"1553.44"|"1559.36"|"5.92"|"for a while"
"312"|"1"|"00:25:55.200"|"00:25:59.359"|"1555.2"|"1559.36"|"4.16"|"but have remained safely hidden away"
"313"|"1"|"00:26:01.839"|"00:26:07.640"|"1561.84"|"1567.64"|"5.8"|"fully weaned this is the start of their"
"314"|"1"|"00:26:04.640"|"00:26:07.640"|"1564.64"|"1567.64"|"3.0"|"independence"
"315"|"1"|"00:26:17.440"|"00:26:25.640"|"1577.44"|"1585.64"|"8.2"|"this young female will have to learn to"
"316"|"1"|"00:26:19.920"|"00:26:25.640"|"1579.92"|"1585.64"|"5.72"|"survive and find food all by herself"
"317"|"1"|"00:26:26.160"|"00:26:32.319"|"1586.16"|"1592.32"|"6.16"|"what's more she and her sibling are much"
"318"|"1"|"00:26:29.039"|"00:26:32.319"|"1589.04"|"1592.32"|"3.28"|"smaller than an adult"
"319"|"1"|"00:26:33.440"|"00:26:36.720"|"1593.44"|"1596.72"|"3.28"|"they could easily be killed"
"320"|"1"|"00:26:37.839"|"00:26:45.920"|"1597.84"|"1605.92"|"8.08"|"this will be her way out of danger"
"321"|"1"|"00:26:45.920"|"00:26:53.319"|"1605.92"|"1613.32"|"7.4"|"heavier adults can't climb so there are"
"322"|"1"|"00:26:49.119"|"00:26:53.319"|"1609.12"|"1613.32"|"4.2"|"some benefits to being small"
"323"|"1"|"00:27:02.799"|"00:27:07.759"|"1622.8"|"1627.76"|"4.96"|"over the next few months she'll also"
"324"|"1"|"00:27:04.960"|"00:27:11.000"|"1624.96"|"1631.0"|"6.04"|"find much of the food she needs up here"
"325"|"1"|"00:27:07.759"|"00:27:11.000"|"1627.76"|"1631.0"|"3.24"|"in the treetops"
"326"|"1"|"00:27:20.640"|"00:27:28.759"|"1640.64"|"1648.76"|"8.12"|"but grubs and birds eggs alone won't be"
"327"|"1"|"00:27:23.680"|"00:27:28.759"|"1643.68"|"1648.76"|"5.08"|"enough to sustain her as she grows"
"328"|"1"|"00:27:35.519"|"00:27:42.319"|"1655.52"|"1662.32"|"6.8"|"if she's to make it to adulthood she"
"329"|"1"|"00:27:37.839"|"00:27:42.319"|"1657.84"|"1662.32"|"4.48"|"needs to find more substantial meals"
"330"|"1"|"00:27:43.839"|"00:27:48.400"|"1663.84"|"1668.4"|"4.56"|"and that brings her into direct"
"331"|"1"|"00:27:45.759"|"00:27:51.920"|"1665.76"|"1671.92"|"6.16"|"competition with dangerous and more"
"332"|"1"|"00:27:48.400"|"00:27:51.920"|"1668.4"|"1671.92"|"3.52"|"powerful adult devils"
"333"|"1"|"00:27:56.880"|"00:28:03.720"|"1676.88"|"1683.72"|"6.84"|"the scent and sound of crunching bones"
"334"|"1"|"00:28:00.079"|"00:28:03.720"|"1680.08"|"1683.72"|"3.64"|"draw her in"
"335"|"1"|"00:28:04.480"|"00:28:08.079"|"1684.48"|"1688.08"|"3.6"|"but she needs to be careful"
"336"|"1"|"00:28:15.039"|"00:28:21.920"|"1695.04"|"1701.92"|"6.88"|"less than half of all newly weaned"
"337"|"1"|"00:28:17.440"|"00:28:21.920"|"1697.44"|"1701.92"|"4.48"|"youngsters make it to adulthood"
"338"|"1"|"00:28:23.839"|"00:28:30.000"|"1703.84"|"1710.0"|"6.16"|"if she is to survive she needs to earn"
"339"|"1"|"00:28:26.799"|"00:28:32.480"|"1706.8"|"1712.48"|"5.68"|"her place"
"340"|"1"|"00:28:30.000"|"00:28:34.960"|"1710.0"|"1714.96"|"4.96"|"there's no telling how this adult might"
"341"|"1"|"00:28:32.480"|"00:28:34.960"|"1712.48"|"1714.96"|"2.48"|"react"
"342"|"1"|"00:28:38.000"|"00:28:43.400"|"1718.0"|"1723.4"|"5.4"|"confronting a stranger at a carcass is a"
"343"|"1"|"00:28:40.400"|"00:28:43.400"|"1720.4"|"1723.4"|"3.0"|"gamble"
"344"|"1"|"00:28:46.240"|"00:28:50.759"|"1726.24"|"1730.76"|"4.52"|"but one she needs to take"
"345"|"1"|"00:29:25.839"|"00:29:31.799"|"1765.84"|"1771.8"|"5.96"|"spurred on by hunger she seems to have"
"346"|"1"|"00:29:28.319"|"00:29:31.799"|"1768.32"|"1771.8"|"3.48"|"the upper hand"
"347"|"1"|"00:30:00.799"|"00:30:03.599"|"1800.8"|"1803.6"|"2.8"|"it looks as though her gamble has paid"
"348"|"1"|"00:30:02.799"|"00:30:06.000"|"1802.8"|"1806.0"|"3.2"|"off"
"349"|"1"|"00:30:03.599"|"00:30:09.559"|"1803.6"|"1809.56"|"5.96"|"but her competitor won't let the carcass"
"350"|"1"|"00:30:06.000"|"00:30:09.559"|"1806.0"|"1809.56"|"3.56"|"go that easily"
"351"|"1"|"00:30:18.960"|"00:30:23.599"|"1818.96"|"1823.6"|"4.64"|"the adult could kill her with a sink or"
"352"|"1"|"00:30:21.200"|"00:30:27.009"|"1821.2"|"1827.01"|"5.81"|"bite"
"353"|"1"|"00:30:23.599"|"00:30:32.160"|"1823.6"|"1832.16"|"8.56"|"but that's not how devil society works"
"354"|"1"|"00:30:32.319"|"00:30:39.200"|"1832.32"|"1839.2"|"6.88"|"despite living most of their lives alone"
"355"|"1"|"00:30:35.039"|"00:30:39.200"|"1835.04"|"1839.2"|"4.16"|"devils can and do share"
"356"|"1"|"00:30:39.680"|"00:30:46.240"|"1839.68"|"1846.24"|"6.56"|"they defend only the amount of meat they"
"357"|"1"|"00:30:41.920"|"00:30:46.240"|"1841.92"|"1846.24"|"4.32"|"can eat rather than the whole carcass"
"358"|"1"|"00:30:47.039"|"00:30:52.000"|"1847.04"|"1852.0"|"4.96"|"the pecking order has less to do with"
"359"|"1"|"00:30:49.279"|"00:30:55.359"|"1849.28"|"1855.36"|"6.08"|"size and strength and more to do with"
"360"|"1"|"00:30:52.000"|"00:30:55.359"|"1852.0"|"1855.36"|"3.36"|"whoever wants it most"
"361"|"1"|"00:30:55.920"|"00:31:02.839"|"1855.92"|"1862.84"|"6.92"|"as this youngster is learning it's all"
"362"|"1"|"00:30:58.160"|"00:31:02.839"|"1858.16"|"1862.84"|"4.68"|"about who can shout the loudest"
"363"|"1"|"00:31:04.240"|"00:31:11.799"|"1864.24"|"1871.8"|"7.56"|"may have a fearsome reputation"
"364"|"1"|"00:31:06.880"|"00:31:11.799"|"1866.88"|"1871.8"|"4.92"|"but the reality is quite different"
"365"|"1"|"00:31:21.200"|"00:31:26.880"|"1881.2"|"1886.88"|"5.68"|"summer brings warmer temperatures across"
"366"|"1"|"00:31:24.079"|"00:31:26.880"|"1884.08"|"1886.88"|"2.8"|"tasmania"
"367"|"1"|"00:31:30.160"|"00:31:34.720"|"1890.16"|"1894.72"|"4.56"|"while in the west it still rains"
"368"|"1"|"00:31:32.079"|"00:31:34.720"|"1892.08"|"1894.72"|"2.64"|"frequently"
"369"|"1"|"00:31:36.559"|"00:31:43.160"|"1896.56"|"1903.16"|"6.6"|"summer is most apparent in the dry"
"370"|"1"|"00:31:39.119"|"00:31:43.160"|"1899.12"|"1903.16"|"4.04"|"eastern half of the island"
"371"|"1"|"00:31:46.880"|"00:31:54.470"|"1906.88"|"1914.47"|"7.59"|"the driest areas of tasmania receive 80"
"372"|"1"|"00:31:50.720"|"00:31:57.549"|"1910.72"|"1917.55"|"6.83"|"less rainfall than the wettest"
"373"|"1"|"00:31:59.359"|"00:32:06.160"|"1919.36"|"1926.16"|"6.8"|"here the landscape is more reminiscent"
"374"|"1"|"00:32:01.839"|"00:32:06.160"|"1921.84"|"1926.16"|"4.32"|"of parts of the australian mainland"
"375"|"1"|"00:32:12.400"|"00:32:17.599"|"1932.4"|"1937.6"|"5.2"|"four marsupials that graze the open"
"376"|"1"|"00:32:14.880"|"00:32:21.450"|"1934.88"|"1941.45"|"6.57"|"grasslands there's a bounty of fresh"
"377"|"1"|"00:32:17.599"|"00:32:26.079"|"1937.6"|"1946.08"|"8.48"|"shoots in these warm summer months"
"378"|"1"|"00:32:26.480"|"00:32:30.720"|"1946.48"|"1950.72"|"4.24"|"and although life here may appear more"
"379"|"1"|"00:32:28.799"|"00:32:33.599"|"1948.8"|"1953.6"|"4.8"|"typically australian"
"380"|"1"|"00:32:30.720"|"00:32:36.799"|"1950.72"|"1956.8"|"6.08"|"the effect of tasmania's isolation is"
"381"|"1"|"00:32:33.599"|"00:32:39.940"|"1953.6"|"1959.94"|"6.34"|"felt just as strongly in this dry half"
"382"|"1"|"00:32:36.799"|"00:32:43.119"|"1956.8"|"1963.12"|"6.32"|"of the island"
"383"|"1"|"00:32:43.119"|"00:32:49.200"|"1963.12"|"1969.2"|"6.08"|"it's given this group of wallabies"
"384"|"1"|"00:32:45.519"|"00:32:51.279"|"1965.52"|"1971.28"|"5.76"|"something of a tasmanian twist"
"385"|"1"|"00:32:51.279"|"00:32:55.079"|"1971.28"|"1975.08"|"3.8"|"they've turned white"
"386"|"1"|"00:33:05.200"|"00:33:09.980"|"1985.2"|"1989.98"|"4.78"|"about 100 of them live within this"
"387"|"1"|"00:33:07.920"|"00:33:13.200"|"1987.92"|"1993.2"|"5.28"|"population"
"388"|"1"|"00:33:14.799"|"00:33:21.440"|"1994.8"|"2001.44"|"6.64"|"they're so poorly camouflaged that"
"389"|"1"|"00:33:17.279"|"00:33:21.440"|"1997.28"|"2001.44"|"4.16"|"anywhere else they'd be easily killed"
"390"|"1"|"00:33:21.519"|"00:33:26.480"|"2001.52"|"2006.48"|"4.96"|"on tasmania however there aren't any"
"391"|"1"|"00:33:24.079"|"00:33:30.960"|"2004.08"|"2010.96"|"6.88"|"predators big enough to kill a wallaby"
"392"|"1"|"00:33:26.480"|"00:33:30.960"|"2006.48"|"2010.96"|"4.48"|"so many live full adult lives"
"393"|"1"|"00:33:34.640"|"00:33:40.240"|"2014.64"|"2020.24"|"5.6"|"and without the normal controls their"
"394"|"1"|"00:33:37.039"|"00:33:40.240"|"2017.04"|"2020.24"|"3.2"|"numbers are growing"
"395"|"1"|"00:33:49.279"|"00:33:53.599"|"2029.28"|"2033.6"|"4.32"|"but although this may appear a"
"396"|"1"|"00:33:51.359"|"00:33:57.440"|"2031.36"|"2037.44"|"6.08"|"predator-free paradise"
"397"|"1"|"00:33:53.599"|"00:33:57.440"|"2033.6"|"2037.44"|"3.84"|"there are killers here"
"398"|"1"|"00:33:58.400"|"00:34:05.640"|"2038.4"|"2045.64"|"7.24"|"one of tasmania's deadliest animals"
"399"|"1"|"00:34:01.039"|"00:34:05.640"|"2041.04"|"2045.64"|"4.6"|"lives in these dry forests"
"400"|"1"|"00:34:10.320"|"00:34:16.260"|"2050.32"|"2056.26"|"5.94"|"it's a species of ant known as the jack"
"401"|"1"|"00:34:13.599"|"00:34:20.219"|"2053.6"|"2060.22"|"6.62"|"jumper"
"402"|"1"|"00:34:35.199"|"00:34:41.440"|"2075.2"|"2081.44"|"6.24"|"jack jump has evolved on the ancient"
"403"|"1"|"00:34:37.519"|"00:34:41.440"|"2077.52"|"2081.44"|"3.92"|"gondwana supercontinent"
"404"|"1"|"00:34:43.280"|"00:34:46.559"|"2083.28"|"2086.56"|"3.28"|"workers hunt alone"
"405"|"1"|"00:34:47.119"|"00:34:52.800"|"2087.12"|"2092.8"|"5.68"|"a very primitive behavior among ants"
"406"|"1"|"00:34:49.519"|"00:34:52.800"|"2089.52"|"2092.8"|"3.28"|"which are mainly social"
"407"|"1"|"00:34:53.760"|"00:35:01.239"|"2093.76"|"2101.24"|"7.48"|"and instead of using scent to hunt they"
"408"|"1"|"00:34:56.639"|"00:35:01.239"|"2096.64"|"2101.24"|"4.6"|"rely on acute vision"
"409"|"1"|"00:35:03.519"|"00:35:09.199"|"2103.52"|"2109.2"|"5.68"|"they sting their victims to death with a"
"410"|"1"|"00:35:05.920"|"00:35:11.280"|"2105.92"|"2111.28"|"5.36"|"venom that can kill humans"
"411"|"1"|"00:35:09.199"|"00:35:13.579"|"2109.2"|"2113.58"|"4.38"|"making these one of the deadliest"
"412"|"1"|"00:35:11.280"|"00:35:31.630"|"2111.28"|"2131.63"|"20.35"|"animals in all of australia"
"413"|"1"|"00:35:33.519"|"00:35:40.800"|"2133.52"|"2140.8"|"7.28"|"jack jumper ants are particularly"
"414"|"1"|"00:35:35.840"|"00:35:40.800"|"2135.84"|"2140.8"|"4.96"|"abundant in this dry half of tasmania"
"415"|"1"|"00:35:42.800"|"00:35:49.119"|"2142.8"|"2149.12"|"6.32"|"their nests are small mounds within"
"416"|"1"|"00:35:45.519"|"00:35:49.119"|"2145.52"|"2149.12"|"3.6"|"which their larvae are raised"
"417"|"1"|"00:35:51.920"|"00:35:57.199"|"2151.92"|"2157.2"|"5.28"|"workers cover the nest with dark"
"418"|"1"|"00:35:53.840"|"00:36:00.559"|"2153.84"|"2160.56"|"6.72"|"materials to help absorb warmth in the"
"419"|"1"|"00:35:57.199"|"00:36:00.559"|"2157.2"|"2160.56"|"3.36"|"cooler southern climate"
"420"|"1"|"00:36:04.480"|"00:36:09.119"|"2164.48"|"2169.12"|"4.64"|"in mid-summer however temperatures soar"
"421"|"1"|"00:36:10.719"|"00:36:15.039"|"2170.72"|"2175.04"|"4.32"|"and the nest risks overheating"
"422"|"1"|"00:36:23.119"|"00:36:30.639"|"2183.12"|"2190.64"|"7.52"|"but jack jumpers have a surprising way"
"423"|"1"|"00:36:26.239"|"00:36:30.639"|"2186.24"|"2190.64"|"4.4"|"of coping with the intense sunlight"
"424"|"1"|"00:36:37.519"|"00:36:43.199"|"2197.52"|"2203.2"|"5.68"|"on hotter days they switch building"
"425"|"1"|"00:36:40.400"|"00:36:43.199"|"2200.4"|"2203.2"|"2.8"|"materials"
"426"|"1"|"00:36:44.719"|"00:36:50.760"|"2204.72"|"2210.76"|"6.04"|"now the workers cover the nest in white"
"427"|"1"|"00:36:47.760"|"00:36:50.760"|"2207.76"|"2210.76"|"3.0"|"stones"
"428"|"1"|"00:36:56.480"|"00:37:03.360"|"2216.48"|"2223.36"|"6.88"|"these reflect the sun's energy"
"429"|"1"|"00:36:59.360"|"00:37:03.360"|"2219.36"|"2223.36"|"4.0"|"keeping the young cool inside"
"430"|"1"|"00:37:06.639"|"00:37:12.559"|"2226.64"|"2232.56"|"5.92"|"it's an inventive solution to tasmania's"
"431"|"1"|"00:37:09.360"|"00:37:12.559"|"2229.36"|"2232.56"|"3.2"|"changing seasons"
"432"|"1"|"00:37:19.199"|"00:37:23.599"|"2239.2"|"2243.6"|"4.4"|"the dry eastern forests can be a"
"433"|"1"|"00:37:21.920"|"00:37:26.599"|"2241.92"|"2246.6"|"4.68"|"challenging place in the heat of"
"434"|"1"|"00:37:23.599"|"00:37:26.599"|"2243.6"|"2246.6"|"3.0"|"mid-summer"
"435"|"1"|"00:37:36.960"|"00:37:42.880"|"2256.96"|"2262.88"|"5.92"|"but one of tasmania's few marsupial"
"436"|"1"|"00:37:39.679"|"00:37:46.400"|"2259.68"|"2266.4"|"6.72"|"predators avoids the worst of this heat"
"437"|"1"|"00:37:42.880"|"00:37:46.400"|"2262.88"|"2266.4"|"3.52"|"by hunting at night"
"438"|"1"|"00:37:47.760"|"00:37:53.139"|"2267.76"|"2273.14"|"5.38"|"it's the eastern coal a close relative"
"439"|"1"|"00:37:51.519"|"00:37:56.730"|"2271.52"|"2276.73"|"5.21"|"of the tasmanian devil"
"440"|"1"|"00:37:58.480"|"00:38:03.440"|"2278.48"|"2283.44"|"4.96"|"they're very rare but summer sees an"
"441"|"1"|"00:38:00.960"|"00:38:05.920"|"2280.96"|"2285.92"|"4.96"|"increase in numbers as juveniles leave"
"442"|"1"|"00:38:03.440"|"00:38:05.920"|"2283.44"|"2285.92"|"2.48"|"the damn"
"443"|"1"|"00:38:11.119"|"00:38:15.199"|"2291.12"|"2295.2"|"4.08"|"poles are solitary hunters"
"444"|"1"|"00:38:16.400"|"00:38:21.920"|"2296.4"|"2301.92"|"5.52"|"and in summer are drawn to these dry"
"445"|"1"|"00:38:18.880"|"00:38:21.920"|"2298.88"|"2301.92"|"3.04"|"pasture lands"
"446"|"1"|"00:38:25.119"|"00:38:31.719"|"2305.12"|"2311.72"|"6.6"|"there's a rich bounty of moths and grubs"
"447"|"1"|"00:38:27.920"|"00:38:31.719"|"2307.92"|"2311.72"|"3.8"|"at this time of year"
"448"|"1"|"00:38:35.840"|"00:38:42.199"|"2315.84"|"2322.2"|"6.36"|"but with lots of youngsters around"
"449"|"1"|"00:38:38.079"|"00:38:42.199"|"2318.08"|"2322.2"|"4.12"|"competition can be intense"
"450"|"1"|"00:38:57.280"|"00:39:09.039"|"2337.28"|"2349.04"|"11.76"|"it's every call for itself"
"451"|"1"|"00:39:23.199"|"00:39:27.840"|"2363.2"|"2367.84"|"4.64"|"like tasmanian devils eastern qualls"
"452"|"1"|"00:39:26.079"|"00:39:30.480"|"2366.08"|"2370.48"|"4.4"|"were once found on the australian"
"453"|"1"|"00:39:27.840"|"00:39:30.480"|"2367.84"|"2370.48"|"2.64"|"mainland"
"454"|"1"|"00:39:31.440"|"00:39:37.840"|"2371.44"|"2377.84"|"6.4"|"today this dry eastern half of the"
"455"|"1"|"00:39:33.920"|"00:39:37.840"|"2373.92"|"2377.84"|"3.92"|"island is their last refuge"
"456"|"1"|"00:39:39.920"|"00:39:47.239"|"2379.92"|"2387.24"|"7.32"|"and with an abundance of summer insects"
"457"|"1"|"00:39:42.880"|"00:39:47.239"|"2382.88"|"2387.24"|"4.36"|"they have every chance of thriving"
"458"|"1"|"00:40:00.480"|"00:40:05.980"|"2400.48"|"2405.98"|"5.5"|"summer is almost over"
"459"|"1"|"00:40:06.400"|"00:40:13.329"|"2406.4"|"2413.33"|"6.93"|"and as autumn arrives the stage is set"
"460"|"1"|"00:40:09.519"|"00:40:26.630"|"2409.52"|"2426.63"|"17.11"|"for a bizarre ritual"
"461"|"1"|"00:40:26.800"|"00:40:32.039"|"2426.8"|"2432.04"|"5.24"|"familiar screams fill the forest"
"462"|"1"|"00:40:41.599"|"00:40:47.679"|"2441.6"|"2447.68"|"6.08"|"it may not look like it but these devils"
"463"|"1"|"00:40:44.400"|"00:40:47.679"|"2444.4"|"2447.68"|"3.28"|"are becoming amorous"
"464"|"1"|"00:40:51.679"|"00:40:58.239"|"2451.68"|"2458.24"|"6.56"|"an eligible male clings on as a female"
"465"|"1"|"00:40:54.800"|"00:40:58.239"|"2454.8"|"2458.24"|"3.44"|"guides him back to the den"
"466"|"1"|"00:41:04.559"|"00:41:10.239"|"2464.56"|"2470.24"|"5.68"|"female devils are receptive three times"
"467"|"1"|"00:41:07.760"|"00:41:12.159"|"2467.76"|"2472.16"|"4.4"|"over a short period during the breeding"
"468"|"1"|"00:41:10.239"|"00:41:14.400"|"2470.24"|"2474.4"|"4.16"|"season"
"469"|"1"|"00:41:12.159"|"00:41:16.960"|"2472.16"|"2476.96"|"4.8"|"to ensure the fittest offspring she'll"
"470"|"1"|"00:41:14.400"|"00:41:19.440"|"2474.4"|"2479.44"|"5.04"|"try to mate with as many big males as"
"471"|"1"|"00:41:16.960"|"00:41:19.440"|"2476.96"|"2479.44"|"2.48"|"she can"
"472"|"1"|"00:41:19.679"|"00:41:24.639"|"2479.68"|"2484.64"|"4.96"|"and to increase his chances of"
"473"|"1"|"00:41:21.519"|"00:41:27.670"|"2481.52"|"2487.67"|"6.15"|"fatherhood he must keep her in here for"
"474"|"1"|"00:41:24.639"|"00:41:30.880"|"2484.64"|"2490.88"|"6.24"|"as long as possible"
"475"|"1"|"00:41:32.320"|"00:41:38.400"|"2492.32"|"2498.4"|"6.08"|"inside the den he moves around in an"
"476"|"1"|"00:41:35.679"|"00:41:40.800"|"2495.68"|"2500.8"|"5.12"|"effort to mate"
"477"|"1"|"00:41:38.400"|"00:41:42.960"|"2498.4"|"2502.96"|"4.56"|"to protect her from his biting grip the"
"478"|"1"|"00:41:40.800"|"00:41:46.599"|"2500.8"|"2506.6"|"5.8"|"skin around her neck has thickened over"
"479"|"1"|"00:41:42.960"|"00:41:46.599"|"2502.96"|"2506.6"|"3.64"|"the last few weeks"
"480"|"1"|"00:41:51.280"|"00:41:56.559"|"2511.28"|"2516.56"|"5.28"|"although it may appear aggressive"
"481"|"1"|"00:41:54.320"|"00:42:00.920"|"2514.32"|"2520.92"|"6.6"|"this is part of a bizarre and"
"482"|"1"|"00:41:56.559"|"00:42:00.920"|"2516.56"|"2520.92"|"4.36"|"complicated breeding system"
"483"|"1"|"00:42:12.800"|"00:42:19.639"|"2532.8"|"2539.64"|"6.84"|"they'll remain in here mating regularly"
"484"|"1"|"00:42:15.920"|"00:42:19.639"|"2535.92"|"2539.64"|"3.72"|"for several days"
"485"|"1"|"00:42:34.800"|"00:42:39.519"|"2554.8"|"2559.52"|"4.72"|"in spite of that fearsome scream there"
"486"|"1"|"00:42:37.280"|"00:42:42.079"|"2557.28"|"2562.08"|"4.8"|"is a sensitive side to these much"
"487"|"1"|"00:42:39.519"|"00:42:42.079"|"2559.52"|"2562.08"|"2.56"|"maligned"
"488"|"1"|"00:42:42.840"|"00:42:50.000"|"2562.84"|"2570.0"|"7.16"|"creatures far from devilish they are"
"489"|"1"|"00:42:45.599"|"00:42:50.000"|"2565.6"|"2570.0"|"4.4"|"simply very determined survivors"
"490"|"1"|"00:42:54.639"|"00:42:59.889"|"2574.64"|"2579.89"|"5.25"|"the devil mating season marks autumn's"
"491"|"1"|"00:42:57.920"|"00:43:10.760"|"2577.92"|"2590.76"|"12.84"|"arrival"
"492"|"1"|"00:43:12.719"|"00:43:19.179"|"2592.72"|"2599.18"|"6.46"|"each evening flocks of cape baron geese"
"493"|"1"|"00:43:16.079"|"00:43:24.300"|"2596.08"|"2604.3"|"8.22"|"return to their roost"
"494"|"1"|"00:43:28.159"|"00:43:35.320"|"2608.16"|"2615.32"|"7.16"|"their silhouettes in the sunset a sign"
"495"|"1"|"00:43:31.199"|"00:43:35.320"|"2611.2"|"2615.32"|"4.12"|"that the year is ending"
"496"|"1"|"00:43:56.239"|"00:44:02.400"|"2636.24"|"2642.4"|"6.16"|"back on the coast the longer nights"
"497"|"1"|"00:43:58.960"|"00:44:16.559"|"2638.96"|"2656.56"|"17.6"|"bring with them a stunning spectacle"
"498"|"1"|"00:44:16.559"|"00:44:22.599"|"2656.56"|"2662.6"|"6.04"|"the southern lights a reminder that the"
"499"|"1"|"00:44:19.519"|"00:44:22.889"|"2659.52"|"2662.89"|"3.37"|"next stop from here is antarctica"
"500"|"1"|"00:44:45.199"|"00:44:51.119"|"2685.2"|"2691.12"|"5.92"|"for tasmania's little penguins"
"501"|"1"|"00:44:48.000"|"00:44:55.280"|"2688.0"|"2695.28"|"7.28"|"the breeding season has finished"
"502"|"1"|"00:44:51.119"|"00:44:55.280"|"2691.12"|"2695.28"|"4.16"|"only adults remain at the colony"
"503"|"1"|"00:44:56.480"|"00:45:00.480"|"2696.48"|"2700.48"|"4.0"|"they've spent the last few weeks"
"504"|"1"|"00:44:58.079"|"00:45:03.719"|"2698.08"|"2703.72"|"5.64"|"fattening up at sea almost doubling"
"505"|"1"|"00:45:00.480"|"00:45:03.719"|"2700.48"|"2703.72"|"3.24"|"their weight"
"506"|"1"|"00:45:10.800"|"00:45:18.599"|"2710.8"|"2718.6"|"7.8"|"the efforts of raising chicks have left"
"507"|"1"|"00:45:13.519"|"00:45:18.599"|"2713.52"|"2718.6"|"5.08"|"them in need of a new set of feathers"
"508"|"1"|"00:45:21.760"|"00:45:27.920"|"2721.76"|"2727.92"|"6.16"|"little penguins go through what's known"
"509"|"1"|"00:45:24.159"|"00:45:27.920"|"2724.16"|"2727.92"|"3.76"|"as catastrophic malt"
"510"|"1"|"00:45:29.440"|"00:45:33.559"|"2729.44"|"2733.56"|"4.12"|"shedding some 10 000 feathers all at"
"511"|"1"|"00:45:31.920"|"00:45:40.800"|"2731.92"|"2740.8"|"8.88"|"once"
"512"|"1"|"00:45:40.800"|"00:45:46.159"|"2740.8"|"2746.16"|"5.36"|"because their feathers keep them warm"
"513"|"1"|"00:45:42.800"|"00:45:48.159"|"2742.8"|"2748.16"|"5.36"|"and waterproof they can't return to sea"
"514"|"1"|"00:45:46.159"|"00:45:57.519"|"2746.16"|"2757.52"|"11.36"|"until they've grown new ones"
"515"|"1"|"00:45:57.519"|"00:46:04.920"|"2757.52"|"2764.92"|"7.4"|"for three long weeks they're stuck on"
"516"|"1"|"00:45:59.840"|"00:46:04.920"|"2759.84"|"2764.92"|"5.08"|"tri-land unable to feed"
"517"|"1"|"00:46:14.239"|"00:46:30.369"|"2774.24"|"2790.37"|"16.13"|"it's a long wait for a little penguin"
"518"|"1"|"00:46:30.719"|"00:46:37.280"|"2790.72"|"2797.28"|"6.56"|"the year is almost over"
"519"|"1"|"00:46:34.800"|"00:46:40.110"|"2794.8"|"2800.11"|"5.31"|"and high in the mountains there's time"
"520"|"1"|"00:46:37.280"|"00:46:49.199"|"2797.28"|"2809.2"|"11.92"|"for one last surprise"
"521"|"1"|"00:46:49.199"|"00:46:53.840"|"2809.2"|"2813.84"|"4.64"|"these are southern beach trees"
"522"|"1"|"00:46:54.159"|"00:46:57.840"|"2814.16"|"2817.84"|"3.68"|"unique to tasmania"
"523"|"1"|"00:47:00.960"|"00:47:08.440"|"2820.96"|"2828.44"|"7.48"|"their changing color makes for an autumn"
"524"|"1"|"00:47:04.079"|"00:47:08.440"|"2824.08"|"2828.44"|"4.36"|"unlike anywhere else in australia"
"525"|"1"|"00:47:10.000"|"00:47:14.559"|"2830.0"|"2834.56"|"4.56"|"these are the only trees on the"
"526"|"1"|"00:47:11.760"|"00:47:17.059"|"2831.76"|"2837.06"|"5.3"|"continent to drop their leaves during"
"527"|"1"|"00:47:14.559"|"00:47:20.250"|"2834.56"|"2840.25"|"5.69"|"the cooler months"
"528"|"1"|"00:47:20.639"|"00:47:25.840"|"2840.64"|"2845.84"|"5.2"|"the southern beech trees closest living"
"529"|"1"|"00:47:23.280"|"00:47:29.880"|"2843.28"|"2849.88"|"6.6"|"relatives are found thousands of miles"
"530"|"1"|"00:47:25.840"|"00:47:29.880"|"2845.84"|"2849.88"|"4.04"|"away in south america"
"531"|"1"|"00:47:39.599"|"00:47:45.440"|"2859.6"|"2865.44"|"5.84"|"this rare splash of autumnal color lasts"
"532"|"1"|"00:47:42.880"|"00:47:49.150"|"2862.88"|"2869.15"|"6.27"|"just a few weeks as across the whole of"
"533"|"1"|"00:47:45.440"|"00:47:55.360"|"2865.44"|"2875.36"|"9.92"|"tasmania temperatures begin to drop"
"534"|"1"|"00:47:55.360"|"00:48:01.039"|"2875.36"|"2881.04"|"5.68"|"june marks the start of the winter"
"535"|"1"|"00:47:57.679"|"00:48:03.119"|"2877.68"|"2883.12"|"5.44"|"season and for the devils the beginning"
"536"|"1"|"00:48:01.039"|"00:48:05.760"|"2881.04"|"2885.76"|"4.72"|"of new life"
"537"|"1"|"00:48:03.119"|"00:48:07.840"|"2883.12"|"2887.84"|"4.72"|"with young already inside her pouch she"
"538"|"1"|"00:48:05.760"|"00:48:10.159"|"2885.76"|"2890.16"|"4.4"|"will provide milk for them through the"
"539"|"1"|"00:48:07.840"|"00:48:13.920"|"2887.84"|"2893.92"|"6.08"|"harshest months"
"540"|"1"|"00:48:10.159"|"00:48:17.150"|"2890.16"|"2897.15"|"6.99"|"her life and theirs tied to tasmania's"
"541"|"1"|"00:48:13.920"|"00:48:21.579"|"2893.92"|"2901.58"|"7.66"|"seasonal cycle"
"542"|"1"|"00:48:23.280"|"00:48:28.559"|"2903.28"|"2908.56"|"5.28"|"just 12 000 years ago"
"543"|"1"|"00:48:26.079"|"00:48:31.559"|"2906.08"|"2911.56"|"5.48"|"tasmania separated from its mainland"
"544"|"1"|"00:48:28.559"|"00:48:31.559"|"2908.56"|"2911.56"|"3.0"|"parent"
"545"|"1"|"00:48:35.760"|"00:48:39.519"|"2915.76"|"2919.52"|"3.76"|"the island is young"
"546"|"1"|"00:48:37.519"|"00:48:42.139"|"2917.52"|"2922.14"|"4.62"|"yet rich in life"
"547"|"1"|"00:48:39.519"|"00:48:46.159"|"2919.52"|"2926.16"|"6.64"|"and with a long and ancient past"
"548"|"1"|"00:48:46.159"|"00:48:52.480"|"2926.16"|"2932.48"|"6.32"|"now tasmania and the animals it supports"
"549"|"1"|"00:48:49.760"|"00:48:53.800"|"2929.76"|"2933.8"|"4.04"|"are on a different course to the rest of"
"550"|"1"|"00:48:52.480"|"00:49:00.010"|"2932.48"|"2940.01"|"7.53"|"australia"
"551"|"1"|"00:49:01.679"|"00:49:07.320"|"2941.68"|"2947.32"|"5.64"|"it is as a result home to a cast as"
"552"|"1"|"00:49:05.440"|"00:49:12.960"|"2945.44"|"2952.96"|"7.52"|"weird as they are wonderful"
"553"|"1"|"00:49:15.039"|"00:49:21.179"|"2955.04"|"2961.18"|"6.14"|"indeed there's nowhere on earth quite"
"554"|"1"|"00:49:18.159"|"00:49:24.699"|"2958.16"|"2964.7"|"6.54"|"like tasmania"
"555"|"1"|"00:49:34.960"|"00:49:40.239"|"2974.96"|"2980.24"|"5.28"|"tasmania is roughly the size of ireland"
"556"|"1"|"00:49:38.239"|"00:49:42.559"|"2978.24"|"2982.56"|"4.32"|"but with the population of just half a"
"557"|"1"|"00:49:40.239"|"00:49:45.039"|"2980.24"|"2985.04"|"4.8"|"million people it's home to some of the"
"558"|"1"|"00:49:42.559"|"00:49:46.460"|"2982.56"|"2986.46"|"3.9"|"greatest expanse of wilderness left on"
"559"|"1"|"00:49:45.039"|"00:49:48.400"|"2985.04"|"2988.4"|"3.36"|"our planet"
"560"|"1"|"00:49:48.400"|"00:49:53.679"|"2988.4"|"2993.68"|"5.28"|"despite all this room for nature some of"
"561"|"1"|"00:49:50.960"|"00:49:57.719"|"2990.96"|"2997.72"|"6.76"|"tasmania's most well-known animals face"
"562"|"1"|"00:49:53.679"|"00:49:57.719"|"2993.68"|"2997.72"|"4.04"|"an uncertain future"
"563"|"1"|"00:49:58.000"|"00:50:03.280"|"2998.0"|"3003.28"|"5.28"|"tasmanian devils are endangered"
"564"|"1"|"00:50:00.639"|"00:50:06.719"|"3000.64"|"3006.72"|"6.08"|"disease and historical persecution have"
"565"|"1"|"00:50:03.280"|"00:50:06.719"|"3003.28"|"3006.72"|"3.44"|"caused their numbers to plummet"
"566"|"1"|"00:50:08.159"|"00:50:13.840"|"3008.16"|"3013.84"|"5.68"|"right from birth reaching adulthood is"
"567"|"1"|"00:50:10.639"|"00:50:13.840"|"3010.64"|"3013.84"|"3.2"|"challenging enough"
"568"|"1"|"00:50:16.719"|"00:50:23.599"|"3016.72"|"3023.6"|"6.88"|"but the devil's vicious reputation has"
"569"|"1"|"00:50:19.360"|"00:50:23.599"|"3019.36"|"3023.6"|"4.24"|"made life even more difficult for them"
"570"|"1"|"00:50:25.360"|"00:50:31.920"|"3025.36"|"3031.92"|"6.56"|"one man however has spent years helping"
"571"|"1"|"00:50:28.079"|"00:50:31.920"|"3028.08"|"3031.92"|"3.84"|"to change people's perceptions"
"572"|"1"|"00:50:32.159"|"00:50:38.559"|"3032.16"|"3038.56"|"6.4"|"cameraman and ecologist simon plowright"
"573"|"1"|"00:50:35.280"|"00:50:40.559"|"3035.28"|"3040.56"|"5.28"|"moved to tasmania in 1981."
"574"|"1"|"00:50:38.559"|"00:50:43.119"|"3038.56"|"3043.12"|"4.56"|"i'd been brought up as a nature lover"
"575"|"1"|"00:50:40.559"|"00:50:45.440"|"3040.56"|"3045.44"|"4.88"|"back in wales and to come to this"
"576"|"1"|"00:50:43.119"|"00:50:47.199"|"3043.12"|"3047.2"|"4.08"|"incredibly exotic place it was very"
"577"|"1"|"00:50:45.440"|"00:50:49.599"|"3045.44"|"3049.6"|"4.16"|"exciting"
"578"|"1"|"00:50:47.199"|"00:50:54.039"|"3047.2"|"3054.04"|"6.84"|"since then tasmanian devils have become"
"579"|"1"|"00:50:49.599"|"00:50:54.039"|"3049.6"|"3054.04"|"4.44"|"very close to simon's heart"
"580"|"1"|"00:50:54.639"|"00:51:00.159"|"3054.64"|"3060.16"|"5.52"|"when i first came to tasmania her"
"581"|"1"|"00:50:56.880"|"00:51:00.159"|"3056.88"|"3060.16"|"3.28"|"devil's in the forest at night"
"582"|"1"|"00:51:01.199"|"00:51:05.599"|"3061.2"|"3065.6"|"4.4"|"the screaming noises the unusual calls"
"583"|"1"|"00:51:04.159"|"00:51:07.440"|"3064.16"|"3067.44"|"3.28"|"the devils make when they're having a"
"584"|"1"|"00:51:05.599"|"00:51:09.440"|"3065.6"|"3069.44"|"3.84"|"bit of a tiff"
"585"|"1"|"00:51:07.440"|"00:51:10.559"|"3067.44"|"3070.56"|"3.12"|"seemed really really strange to a person"
"586"|"1"|"00:51:09.440"|"00:51:12.400"|"3069.44"|"3072.4"|"2.96"|"from wales"
"587"|"1"|"00:51:10.559"|"00:51:16.000"|"3070.56"|"3076.0"|"5.44"|"of course you're intrigued and want to"
"588"|"1"|"00:51:12.400"|"00:51:16.000"|"3072.4"|"3076.0"|"3.6"|"go and find out what this animal is"
"589"|"1"|"00:51:16.320"|"00:51:20.320"|"3076.32"|"3080.32"|"4.0"|"one of my first experiences of being"
"590"|"1"|"00:51:18.719"|"00:51:22.000"|"3078.72"|"3082.0"|"3.28"|"close to these animals was going out"
"591"|"1"|"00:51:20.320"|"00:51:23.440"|"3080.32"|"3083.44"|"3.12"|"with an old guy he'd lived there all his"
"592"|"1"|"00:51:22.000"|"00:51:24.719"|"3082.0"|"3084.72"|"2.72"|"life he knew the area like the back of"
"593"|"1"|"00:51:23.440"|"00:51:27.039"|"3083.44"|"3087.04"|"3.6"|"his hand"
"594"|"1"|"00:51:24.719"|"00:51:29.119"|"3084.72"|"3089.12"|"4.4"|"he still occasionally caught the odd"
"595"|"1"|"00:51:27.039"|"00:51:30.800"|"3087.04"|"3090.8"|"3.76"|"wallaby to eat because he'd been brought"
"596"|"1"|"00:51:29.119"|"00:51:32.480"|"3089.12"|"3092.48"|"3.36"|"up on that sort of thing and so i went"
"597"|"1"|"00:51:30.800"|"00:51:35.199"|"3090.8"|"3095.2"|"4.4"|"out with him and he had a couple of"
"598"|"1"|"00:51:32.480"|"00:51:38.400"|"3092.48"|"3098.4"|"5.92"|"spots where he trapped a wallaby and the"
"599"|"1"|"00:51:35.199"|"00:51:42.000"|"3095.2"|"3102.0"|"6.8"|"wallabies had been stolen by devils"
"600"|"1"|"00:51:38.400"|"00:51:44.239"|"3098.4"|"3104.24"|"5.84"|"and that to me was fascinating"
"601"|"1"|"00:51:42.000"|"00:51:46.719"|"3102.0"|"3106.72"|"4.72"|"buoyed by tales of wallaby stealing"
"602"|"1"|"00:51:44.239"|"00:51:49.840"|"3104.24"|"3109.84"|"5.6"|"beasts that lurked in the night simon"
"603"|"1"|"00:51:46.719"|"00:51:54.639"|"3106.72"|"3114.64"|"7.92"|"was desperate to find out more"
"604"|"1"|"00:51:49.840"|"00:51:56.800"|"3109.84"|"3116.8"|"6.96"|"set out to try and observe wild devils"
"605"|"1"|"00:51:54.639"|"00:51:58.800"|"3114.64"|"3118.8"|"4.16"|"well the first time that i actually sat"
"606"|"1"|"00:51:56.800"|"00:52:00.880"|"3116.8"|"3120.88"|"4.08"|"out with devils i was obviously a bit"
"607"|"1"|"00:51:58.800"|"00:52:02.159"|"3118.8"|"3122.16"|"3.36"|"wary and uh you know do these things"
"608"|"1"|"00:52:00.880"|"00:52:03.440"|"3120.88"|"3123.44"|"2.56"|"attack people"
"609"|"1"|"00:52:02.159"|"00:52:06.000"|"3122.16"|"3126.0"|"3.84"|"are they going to start eating me"
"610"|"1"|"00:52:03.440"|"00:52:08.079"|"3123.44"|"3128.08"|"4.64"|"because you know i had had tales of"
"611"|"1"|"00:52:06.000"|"00:52:09.840"|"3126.0"|"3129.84"|"3.84"|"devils eating people dead people and all"
"612"|"1"|"00:52:08.079"|"00:52:12.079"|"3128.08"|"3132.08"|"4.0"|"this sort of stuff and oh well will they"
"613"|"1"|"00:52:09.840"|"00:52:13.599"|"3129.84"|"3133.6"|"3.76"|"go for a live one you know i'm i'm i'm"
"614"|"1"|"00:52:12.079"|"00:52:14.800"|"3132.08"|"3134.8"|"2.72"|"new to this country so i wasn't"
"615"|"1"|"00:52:13.599"|"00:52:17.360"|"3133.6"|"3137.36"|"3.76"|"completely"
"616"|"1"|"00:52:14.800"|"00:52:19.039"|"3134.8"|"3139.04"|"4.24"|"completely sure but very soon i realized"
"617"|"1"|"00:52:17.360"|"00:52:21.199"|"3137.36"|"3141.2"|"3.84"|"that they're not the slightest bit"
"618"|"1"|"00:52:19.039"|"00:52:23.039"|"3139.04"|"3143.04"|"4.0"|"interested in me"
"619"|"1"|"00:52:21.199"|"00:52:24.480"|"3141.2"|"3144.48"|"3.28"|"coming from the uk where foxes and"
"620"|"1"|"00:52:23.039"|"00:52:27.519"|"3143.04"|"3147.52"|"4.48"|"badges and all these things are pretty"
"621"|"1"|"00:52:24.480"|"00:52:29.360"|"3144.48"|"3149.36"|"4.88"|"scared of people i was amazed with how"
"622"|"1"|"00:52:27.519"|"00:52:32.360"|"3147.52"|"3152.36"|"4.84"|"they didn't seem to care about me being"
"623"|"1"|"00:52:29.360"|"00:52:32.360"|"3149.36"|"3152.36"|"3.0"|"there"
"624"|"1"|"00:52:33.039"|"00:52:38.079"|"3153.04"|"3158.08"|"5.04"|"simon quickly came to realize that these"
"625"|"1"|"00:52:35.519"|"00:52:41.559"|"3155.52"|"3161.56"|"6.04"|"weren't the terrifying monsters people"
"626"|"1"|"00:52:38.079"|"00:52:41.559"|"3158.08"|"3161.56"|"3.48"|"thought they were"
"627"|"1"|"00:52:46.559"|"00:52:51.360"|"3166.56"|"3171.36"|"4.8"|"he began to learn all about the"
"628"|"1"|"00:52:48.480"|"00:52:54.320"|"3168.48"|"3174.32"|"5.84"|"tasmanian devil's complex life cycle and"
"629"|"1"|"00:52:51.360"|"00:52:54.320"|"3171.36"|"3174.32"|"2.96"|"social structure"
"630"|"1"|"00:52:54.639"|"00:52:57.519"|"3174.64"|"3177.52"|"2.88"|"the sounds that you hear around the"
"631"|"1"|"00:52:56.480"|"00:52:58.880"|"3176.48"|"3178.88"|"2.4"|"carcass"
"632"|"1"|"00:52:57.519"|"00:53:00.079"|"3177.52"|"3180.08"|"2.56"|"you'd think they were killing each other"
"633"|"1"|"00:52:58.880"|"00:53:02.239"|"3178.88"|"3182.24"|"3.36"|"but they're actually not harming each"
"634"|"1"|"00:53:00.079"|"00:53:05.599"|"3180.08"|"3185.6"|"5.52"|"other at all because all the noise"
"635"|"1"|"00:53:02.239"|"00:53:05.599"|"3182.24"|"3185.6"|"3.36"|"really is just bluff"
"636"|"1"|"00:53:08.800"|"00:53:16.000"|"3188.8"|"3196.0"|"7.2"|"since then simon has used all he's"
"637"|"1"|"00:53:11.280"|"00:53:16.000"|"3191.28"|"3196.0"|"4.72"|"learnt to raise awareness of devils"
"638"|"1"|"00:53:16.079"|"00:53:20.000"|"3196.08"|"3200.0"|"3.92"|"i've taken many many people from all"
"639"|"1"|"00:53:18.000"|"00:53:22.159"|"3198.0"|"3202.16"|"4.16"|"around the world out to sea devils and"
"640"|"1"|"00:53:20.000"|"00:53:23.840"|"3200.0"|"3203.84"|"3.84"|"people who have been to all the"
"641"|"1"|"00:53:22.159"|"00:53:26.559"|"3202.16"|"3206.56"|"4.4"|"continents on earth and have seen some"
"642"|"1"|"00:53:23.840"|"00:53:29.280"|"3203.84"|"3209.28"|"5.44"|"of the most amazing wildlife spectacles"
"643"|"1"|"00:53:26.559"|"00:53:30.239"|"3206.56"|"3210.24"|"3.68"|"have one and all said to me this is as"
"644"|"1"|"00:53:29.280"|"00:53:32.960"|"3209.28"|"3212.96"|"3.68"|"good"
"645"|"1"|"00:53:30.239"|"00:53:35.360"|"3210.24"|"3215.36"|"5.12"|"as anything you i've seen on the planet"
"646"|"1"|"00:53:32.960"|"00:53:38.320"|"3212.96"|"3218.32"|"5.36"|"changing public perception has been an"
"647"|"1"|"00:53:35.360"|"00:53:41.119"|"3215.36"|"3221.12"|"5.76"|"important step in devil conservation"
"648"|"1"|"00:53:38.320"|"00:53:43.840"|"3218.32"|"3223.84"|"5.52"|"indeed right here in tasmania there's a"
"649"|"1"|"00:53:41.119"|"00:53:46.000"|"3221.12"|"3226.0"|"4.88"|"stark example of where persecution can"
"650"|"1"|"00:53:43.840"|"00:53:48.320"|"3223.84"|"3228.32"|"4.48"|"lead"
"651"|"1"|"00:53:46.000"|"00:53:50.320"|"3226.0"|"3230.32"|"4.32"|"only a relatively short time ago it"
"652"|"1"|"00:53:48.320"|"00:53:52.960"|"3228.32"|"3232.96"|"4.64"|"drove another top carnivore to"
"653"|"1"|"00:53:50.320"|"00:53:52.960"|"3230.32"|"3232.96"|"2.64"|"extinction"
"654"|"1"|"00:53:53.039"|"00:53:57.119"|"3233.04"|"3237.12"|"4.08"|"a predatory marsupial called the"
"655"|"1"|"00:53:54.960"|"00:53:58.800"|"3234.96"|"3238.8"|"3.84"|"thylacine once lived here"
"656"|"1"|"00:53:58.800"|"00:54:03.360"|"3238.8"|"3243.36"|"4.56"|"this was the last known captive"
"657"|"1"|"00:54:00.800"|"00:54:03.360"|"3240.8"|"3243.36"|"2.56"|"individual"
"658"|"1"|"00:54:03.920"|"00:54:08.840"|"3243.92"|"3248.84"|"4.92"|"filmed in hobart zoo this is the only"
"659"|"1"|"00:54:06.320"|"00:54:12.400"|"3246.32"|"3252.4"|"6.08"|"footage of these extinct"
"660"|"1"|"00:54:08.840"|"00:54:14.880"|"3248.84"|"3254.88"|"6.04"|"predators nicknamed the tasmanian tiger"
"661"|"1"|"00:54:12.400"|"00:54:15.519"|"3252.4"|"3255.52"|"3.12"|"this island was the thylacine's final"
"662"|"1"|"00:54:14.880"|"00:54:18.920"|"3254.88"|"3258.92"|"4.04"|"refuge"
"663"|"1"|"00:54:19.199"|"00:54:24.559"|"3259.2"|"3264.56"|"5.36"|"but when europeans arrived in tasmania"
"664"|"1"|"00:54:22.239"|"00:54:27.199"|"3262.24"|"3267.2"|"4.96"|"they saw the thylacine as a threat to"
"665"|"1"|"00:54:24.559"|"00:54:27.199"|"3264.56"|"3267.2"|"2.64"|"livestock"
"666"|"1"|"00:54:27.840"|"00:54:31.760"|"3267.84"|"3271.76"|"3.92"|"it was soon hunted to extinction"
"667"|"1"|"00:54:32.880"|"00:54:38.480"|"3272.88"|"3278.48"|"5.6"|"this individual died in 1936"
"668"|"1"|"00:54:38.480"|"00:54:45.119"|"3278.48"|"3285.12"|"6.64"|"it's an important reminder of what's at"
"669"|"1"|"00:54:40.639"|"00:54:45.119"|"3280.64"|"3285.12"|"4.48"|"stake for tasmania's wild devils"
"670"|"1"|"00:54:45.440"|"00:54:50.400"|"3285.44"|"3290.4"|"4.96"|"today however despite a shift in public"
"671"|"1"|"00:54:48.000"|"00:54:52.639"|"3288.0"|"3292.64"|"4.64"|"perception of these animals the last"
"672"|"1"|"00:54:50.400"|"00:54:57.119"|"3290.4"|"3297.12"|"6.72"|"decades have seen the emergence of an"
"673"|"1"|"00:54:52.639"|"00:54:59.599"|"3292.64"|"3299.6"|"6.96"|"even greater threat to devil populations"
"674"|"1"|"00:54:57.119"|"00:55:01.599"|"3297.12"|"3301.6"|"4.48"|"in recent times the tasmanian devil has"
"675"|"1"|"00:54:59.599"|"00:55:03.519"|"3299.6"|"3303.52"|"3.92"|"been put on the endangered species lifts"
"676"|"1"|"00:55:01.599"|"00:55:06.400"|"3301.6"|"3306.4"|"4.8"|"because"
"677"|"1"|"00:55:03.519"|"00:55:09.280"|"3303.52"|"3309.28"|"5.76"|"of the facial tumor disease"
"678"|"1"|"00:55:06.400"|"00:55:12.559"|"3306.4"|"3312.56"|"6.16"|"facial tumor disease is a transmissible"
"679"|"1"|"00:55:09.280"|"00:55:16.000"|"3309.28"|"3316.0"|"6.72"|"disease that causes cancerous growths"
"680"|"1"|"00:55:12.559"|"00:55:17.519"|"3312.56"|"3317.52"|"4.96"|"it's devastated devil populations"
"681"|"1"|"00:55:16.000"|"00:55:19.360"|"3316.0"|"3319.36"|"3.36"|"the horrible thing about it is there's"
"682"|"1"|"00:55:17.519"|"00:55:22.320"|"3317.52"|"3322.32"|"4.8"|"no there's no cure"
"683"|"1"|"00:55:19.360"|"00:55:23.679"|"3319.36"|"3323.68"|"4.32"|"so when an animal becomes infected it"
"684"|"1"|"00:55:22.320"|"00:55:25.360"|"3322.32"|"3325.36"|"3.04"|"will die"
"685"|"1"|"00:55:23.679"|"00:55:26.800"|"3323.68"|"3326.8"|"3.12"|"in places where the disease has gone"
"686"|"1"|"00:55:25.360"|"00:55:28.719"|"3325.36"|"3328.72"|"3.36"|"through the landscape"
"687"|"1"|"00:55:26.800"|"00:55:32.039"|"3326.8"|"3332.04"|"5.24"|"the numbers have been reduced by 80 and"
"688"|"1"|"00:55:28.719"|"00:55:32.039"|"3328.72"|"3332.04"|"3.32"|"90 percent"
"689"|"1"|"00:55:38.400"|"00:55:41.039"|"3338.4"|"3341.04"|"2.64"|"where there are low numbers on the"
"690"|"1"|"00:55:39.760"|"00:55:42.719"|"3339.76"|"3342.72"|"2.96"|"landscape"
"691"|"1"|"00:55:41.039"|"00:55:46.119"|"3341.04"|"3346.12"|"5.08"|"it's not possible to sit in much wild"
"692"|"1"|"00:55:42.719"|"00:55:46.119"|"3342.72"|"3346.12"|"3.4"|"levels anymore"
"693"|"1"|"00:55:48.000"|"00:55:52.400"|"3348.0"|"3352.4"|"4.4"|"that's really really a sad thing and"
"694"|"1"|"00:55:50.559"|"00:55:54.800"|"3350.56"|"3354.8"|"4.24"|"each time now i i"
"695"|"1"|"00:55:52.400"|"00:55:56.639"|"3352.4"|"3356.64"|"4.24"|"when i pack up to leave"
"696"|"1"|"00:55:54.800"|"00:55:58.400"|"3354.8"|"3358.4"|"3.6"|"a devil viewing wild devil viewing"
"697"|"1"|"00:55:56.639"|"00:56:01.119"|"3356.64"|"3361.12"|"4.48"|"session i think well this this could"
"698"|"1"|"00:55:58.400"|"00:56:03.840"|"3358.4"|"3363.84"|"5.44"|"easily be the last time and"
"699"|"1"|"00:56:01.119"|"00:56:03.840"|"3361.12"|"3363.84"|"2.72"|"uh"
"700"|"1"|"00:56:21.760"|"00:56:26.639"|"3381.76"|"3386.64"|"4.88"|"but there is hope"
"701"|"1"|"00:56:23.840"|"00:56:29.039"|"3383.84"|"3389.04"|"5.2"|"a vaccine has been created and some"
"702"|"1"|"00:56:26.639"|"00:56:31.760"|"3386.64"|"3391.76"|"5.12"|"devils seem to be evolving resistance to"
"703"|"1"|"00:56:29.039"|"00:56:33.679"|"3389.04"|"3393.68"|"4.64"|"the disease"
"704"|"1"|"00:56:31.760"|"00:56:35.599"|"3391.76"|"3395.6"|"3.84"|"it is heartening though that this"
"705"|"1"|"00:56:33.679"|"00:56:38.800"|"3393.68"|"3398.8"|"5.12"|"disease having started at this spot 20"
"706"|"1"|"00:56:35.599"|"00:56:40.559"|"3395.6"|"3400.56"|"4.96"|"years ago there are still animals there"
"707"|"1"|"00:56:38.800"|"00:56:41.920"|"3398.8"|"3401.92"|"3.12"|"it gives you an indication of how tough"
"708"|"1"|"00:56:40.559"|"00:56:45.639"|"3400.56"|"3405.64"|"5.08"|"these little creatures are and how they"
"709"|"1"|"00:56:41.920"|"00:56:45.639"|"3401.92"|"3405.64"|"3.72"|"will hang on in the landscape"
"710"|"1"|"00:56:46.719"|"00:56:52.400"|"3406.72"|"3412.4"|"5.68"|"as a safeguard simon also breeds devils"
"711"|"1"|"00:56:50.239"|"00:56:56.760"|"3410.24"|"3416.76"|"6.52"|"as part of a wider human effort to"
"712"|"1"|"00:56:52.400"|"00:56:56.760"|"3412.4"|"3416.76"|"4.36"|"protect the species from extinction"
"713"|"1"|"00:57:02.559"|"00:57:08.239"|"3422.56"|"3428.24"|"5.68"|"tasmanian devils are only found in"
"714"|"1"|"00:57:05.280"|"00:57:11.199"|"3425.28"|"3431.2"|"5.92"|"tasmania they became extinct on mainland"
"715"|"1"|"00:57:08.239"|"00:57:12.960"|"3428.24"|"3432.96"|"4.72"|"australia a long time ago"
"716"|"1"|"00:57:11.199"|"00:57:14.800"|"3431.2"|"3434.8"|"3.6"|"one of the worst things that could ever"
"717"|"1"|"00:57:12.960"|"00:57:18.480"|"3432.96"|"3438.48"|"5.52"|"happen i guess is the tasmanian devil"
"718"|"1"|"00:57:14.800"|"00:57:18.480"|"3434.8"|"3438.48"|"3.68"|"ends up like the tasmanian tiger"
"719"|"1"|"00:57:18.880"|"00:57:22.239"|"3438.88"|"3442.24"|"3.36"|"it's so vital that these animals are"
"720"|"1"|"00:57:20.960"|"00:57:23.679"|"3440.96"|"3443.68"|"2.72"|"protected"
"721"|"1"|"00:57:22.239"|"00:57:24.639"|"3442.24"|"3444.64"|"2.4"|"let's hope for the future that the"
"722"|"1"|"00:57:23.679"|"00:57:26.719"|"3443.68"|"3446.72"|"3.04"|"devils"
"723"|"1"|"00:57:24.639"|"00:57:28.000"|"3444.64"|"3448.0"|"3.36"|"with the help from us"
"724"|"1"|"00:57:26.719"|"00:57:31.360"|"3446.72"|"3451.36"|"4.64"|"can"
"725"|"1"|"00:57:28.000"|"00:57:34.239"|"3448.0"|"3454.24"|"6.24"|"once again be free in the wild and"
"726"|"1"|"00:57:31.360"|"00:57:34.239"|"3451.36"|"3454.24"|"2.88"|"beat this disease"
"727"|"1"|"00:57:35.280"|"00:57:41.119"|"3455.28"|"3461.12"|"5.84"|"tasmania is a refuge to some unusual"
"728"|"1"|"00:57:38.400"|"00:57:43.760"|"3458.4"|"3463.76"|"5.36"|"species many of which are long extinct"
"729"|"1"|"00:57:41.119"|"00:57:47.199"|"3461.12"|"3467.2"|"6.08"|"on the australian mainland"
"730"|"1"|"00:57:43.760"|"00:57:49.519"|"3463.76"|"3469.52"|"5.76"|"this island may be a vast wilderness but"
"731"|"1"|"00:57:47.199"|"00:57:51.599"|"3467.2"|"3471.6"|"4.4"|"even here the influence of our human"
"732"|"1"|"00:57:49.519"|"00:57:53.280"|"3469.52"|"3473.28"|"3.76"|"world is felt"
"733"|"1"|"00:57:51.599"|"00:57:54.480"|"3471.6"|"3474.48"|"2.88"|"and a great deal of hard work and"
"734"|"1"|"00:57:53.280"|"00:57:57.360"|"3473.28"|"3477.36"|"4.08"|"dedication"
"735"|"1"|"00:57:54.480"|"00:58:01.159"|"3474.48"|"3481.16"|"6.68"|"is still required to ensure the survival"
"736"|"1"|"00:57:57.360"|"00:58:01.159"|"3477.36"|"3481.16"|"3.8"|"of its wild residents"
"737"|"1"|"00:58:08.159"|"00:58:13.679"|"3488.16"|"3493.68"|"5.52"|"next sunday at nine we are in florida to"
"738"|"1"|"00:58:10.880"|"00:58:15.760"|"3490.88"|"3495.76"|"4.88"|"visit america's animal paradise"
"739"|"1"|"00:58:13.679"|"00:58:18.480"|"3493.68"|"3498.48"|"4.8"|"over on the bbc iplayer there's more"
"740"|"1"|"00:58:15.760"|"00:58:21.360"|"3495.76"|"3501.36"|"5.6"|"exploration as we go under the sea in"
"741"|"1"|"00:58:18.480"|"00:58:23.760"|"3498.48"|"3503.76"|"5.28"|"blue planet live available now next here"
"742"|"1"|"00:58:21.360"|"00:58:26.800"|"3501.36"|"3506.8"|"5.44"|"on bbc2 this evening the misadventures"
"743"|"1"|"00:58:23.760"|"00:58:30.280"|"3503.76"|"3510.28"|"6.52"|"of ramis ranganathan find him in albania"
"744"|"1"|"00:58:26.800"|"00:58:30.280"|"3506.8"|"3510.28"|"3.48"|"on wolf patrol"
